seller_id,nb_commandes,taux_retard,note_moyenne,delai_expedition_moyen,categorie
0015a82c2db000af6aaaf3ae2ecb0532,3,0.0,3.67,3.0,Volume faible — Performant
001cca7ae9ae17fb1caed9dfb1094831,195,0.05,3.97,2.14,Volume élevé — Performant
002100f778ceb8431b7a1020ff7ab48f,50,0.17,4.04,4.09,Volume élevé — Non performant
003554e2dce176b5555353e4f3555ac8,1,0.0,5.0,0.0,Volume faible — Performant
004c9cd9d87a3c30c522c48c4fc07416,156,0.06,4.16,1.29,Volume élevé — Performant
00720abe85ba0859807595bbf045a33b,13,0.08,3.65,2.08,Volume faible — Performant
00ab3eff1b5192e5f1a63bcecfee11c8,1,0.0,5.0,3.0,Volume faible — Performant
00d8b143d12632bad99c0ad66ad52825,1,0.0,5.0,1.0,Volume faible — Performant
00ee68308b45bc5e2660cd833c3f81cc,135,0.06,4.33,1.62,Volume élevé — Performant
00fc707aaaad2d31347cf883cd2dfe10,103,0.04,3.79,2.36,Volume élevé — Performant
010543a62bd80aa422851e79a3bc7540,2,0.0,4.5,3.0,Volume faible — Performant
010da0602d7774602cd1b3f5fb7b709e,1,0.0,1.0,21.0,Volume faible — Performant
011b0eaba87386a2ae96a7d32bb531d1,1,0.0,4.0,15.0,Volume faible — Performant
01266d4c46afa519678d16a8b683d325,3,0.0,5.0,0.33,Volume faible — Performant
013900e863eace745d3ec7614cab5b1a,23,0.0,4.73,2.69,Volume faible — Performant
014c0679dd340a0e338872e7ec85666a,14,0.13,3.67,5.13,Volume faible — Non performant
014d9a685fd57276679edd00e07089e5,11,0.0,3.83,1.92,Volume faible — Performant
0176f73cc1195f367f7b32db1e5b3aa8,37,0.11,4.05,1.66,Volume faible — Non performant
01bcc9d254a0143f0ce9791b960b2a47,10,0.0,4.4,1.1,Volume faible — Performant
01c97ebb5cdac52891c0ed1c37ba0012,9,0.0,4.08,0.75,Volume faible — Performant
01cf7e3d21494c41fb86034f2e714fa1,59,0.05,4.19,2.32,Volume élevé — Performant
01ed254b9ff8407dfb9d99ba1e17d923,5,0.0,5.0,1.2,Volume faible — Performant
01fd077212124329bac32490e8ef80d9,31,0.03,4.31,0.97,Volume faible — Performant
01fdefa7697d26ad920e9e0346d4bd1b,128,0.05,4.37,1.33,Volume élevé — Performant
0241d4d5d36f10f80c644447315af0bd,238,0.04,4.31,1.64,Volume élevé — Performant
0249d282d911d23cb8b869ab49c99f53,11,0.18,4.27,4.09,Volume faible — Non performant
024b564ae893ce8e9bfa02c10a401ece,2,0.0,4.75,12.0,Volume faible — Performant
028872bfa080090a9d0abd4f1af168f8,1,0.0,5.0,4.0,Volume faible — Performant
02b72cdeb9cfcc429f1af6f4e3f3b737,4,0.0,4.75,1.0,Volume faible — Performant
02c988090b766852e088c69d7fb3b551,12,0.0,4.69,1.31,Volume faible — Performant
02d35243ea2e497335cd0f076b45675d,14,0.25,2.69,9.88,Volume faible — Non performant
02dcd3e8e25bee036e32512bcf175493,13,0.33,3.93,3.73,Volume faible — Non performant
02ecc2a19303f05e59ce133fd923fff7,21,0.0,4.54,3.54,Volume faible — Performant
02f5837340d7eb4f653d676c7256523a,30,0.03,4.83,2.27,Volume faible — Performant
02f623a8eb246f3c5f7c2f96462654e6,44,0.07,4.56,0.68,Volume faible — Performant
0307f7565ff85b299b6e5ef162b1b1a9,6,0.0,3.5,6.33,Volume faible — Performant
0336182e1b3e92f029d5354832045fdf,1,0.0,2.0,9.0,Volume faible — Performant
034b9387752bfa309f350a70cd45ffa3,8,0.0,4.5,1.88,Volume faible — Performant
038b75b729c8a9a04b0d07cba7eabe86,2,0.5,3.5,4.0,Volume faible — Non performant
039b29ff3b3473435d0cd59040575de9,9,0.0,4.44,3.56,Volume faible — Performant
039e6ad9dae79614493083e241147386,5,0.2,4.0,3.8,Volume faible — Non performant
03a2a6dcbe45d639c4dc2a0d24769c40,9,0.11,4.11,1.44,Volume faible — Non performant
03bd479e1d9484cdb14104d3023f7321,3,0.0,4.33,4.67,Volume faible — Performant
0417b067eeab773d2f7061a726dc477f,13,0.23,3.92,1.31,Volume faible — Non performant
042573af89b6d931f672efaf789d8358,3,0.33,3.67,2.0,Volume faible — Non performant
04308b1ee57b6625f47df1d56f00eedf,92,0.08,3.95,5.84,Volume élevé — Performant
0432ead42b6c8a0bdf68154add917fdf,82,0.02,4.55,1.23,Volume élevé — Performant
044668ccd5316b12a7cf0d54a156e3e9,3,0.0,5.0,0.75,Volume faible — Performant
04843805947f0fc584fc1969b6e50fe7,1,0.0,5.0,8.0,Volume faible — Performant
048c2757535328e0d7dac690ad3c0aae,50,0.12,4.24,2.44,Volume élevé — Non performant
04aa0a1c5ce6b222003403a3e11c3cc0,11,0.12,3.53,3.82,Volume faible — Non performant
04aba03279157f6d4e0fe8ccaf21963c,15,0.07,4.53,3.13,Volume faible — Performant
04e38a233f726ef161074ab1c9b0399a,19,0.04,4.17,5.29,Volume faible — Performant
04ee0ec01589969663ba5967c0e0bdc0,1,0.0,5.0,0.0,Volume faible — Performant
04fdea0c111866e6cf812f1570d6b5bd,8,0.12,3.5,4.38,Volume faible — Non performant
0509040ea3fe50071181bbc359eb7738,87,0.04,4.49,1.8,Volume élevé — Performant
052577151711aec5c744fe12e66db3e1,1,0.0,5.0,6.0,Volume faible — Performant
054694fa03fe82cec4b7551487331d74,20,0.29,3.29,9.62,Volume faible — Non performant
056b4ada5bbc2c50cc7842547dda6b51,64,0.11,4.16,1.58,Volume élevé — Non performant
0570350b23eda5444f8d1d9544932058,6,0.0,5.0,0.73,Volume faible — Performant
05730013efda596306417c3b09302475,4,0.0,5.0,2.25,Volume faible — Performant
058cb5aeb36d7c0fcae20fc85d5e0a59,11,0.08,3.58,2.75,Volume faible — Performant
058fd0aa2bfdb2274e05e1ae971dabb6,60,0.08,4.37,1.49,Volume élevé — Performant
05a48cc8859962767935ab9087417fbb,1,0.0,5.0,5.0,Volume faible — Performant
05a940b4ecae36cadfd8e93bd9c43257,9,0.0,4.22,3.33,Volume faible — Performant
05aebce0b5c8f0d41b29b686f2d05fd3,2,0.0,5.0,2.5,Volume faible — Performant
05ca864204d09595ae591b93ea9cf93d,1,0.0,5.0,4.0,Volume faible — Performant
05d2173d43ea568aa0540eba70d2ca76,62,0.05,4.0,2.11,Volume élevé — Performant
05e107217c7266362fd44b75b2cd4cc4,5,0.25,4.12,1.88,Volume faible — Non performant
05f51e13da97139648b8125c31e5f51b,57,0.15,4.25,4.63,Volume élevé — Non performant
05feb94f19d094d4b0f9281f0b1d4c99,6,0.0,4.5,1.0,Volume faible — Performant
05ff92fedb5be47920fea08e501238b9,57,0.03,4.28,2.08,Volume élevé — Performant
062c325cd6a2b87845fab56b4ec2eeae,2,0.0,5.0,1.5,Volume faible — Performant
062ce95fa2ad4dfaedfc79260130565f,54,0.03,4.02,5.22,Volume élevé — Performant
06532f10282704ef4c69168b914b77be,7,0.0,4.62,2.5,Volume faible — Performant
06579cb253ecd5a3a12a9e6eb6bf8f47,61,0.1,3.84,1.69,Volume élevé — Performant
066a6914e1ebf3ea95a216c73a986b91,66,0.04,3.97,2.69,Volume élevé — Performant
0691148aee60ca47977c187804f935ae,47,0.04,3.98,2.26,Volume faible — Performant
0692610d8abe24f287e9fae90ea0bbee,4,0.25,4.0,4.25,Volume faible — Non performant
06a2c3af7b3aee5d69171b0e14f0ee87,389,0.19,4.02,4.42,Volume élevé — Non performant
06bb3a2fe5e7b7a845b13e8fb91bd944,17,0.0,4.61,1.0,Volume faible — Performant
06df0c10d34e459d9672bc77388742eb,26,0.03,4.37,0.77,Volume faible — Performant
06e5eefc71ec47ae763c5c6f8db7064f,90,0.0,3.96,1.91,Volume élevé — Performant
07017df32dc5f2f1d2801e579548d620,8,0.0,4.11,1.33,Volume faible — Performant
070d165398b553f3b4b851c216b8a358,31,0.11,3.54,3.47,Volume faible — Non performant
0725b8c0f3f906e58f70cbe76b7c748c,16,0.11,3.53,4.92,Volume faible — Non performant
0743a0239d764b9a0f959a57d07e36ab,4,0.0,4.75,1.25,Volume faible — Performant
0747d5bb69f0586cc869d8af4c50f93e,12,0.08,3.85,5.23,Volume faible — Performant
0761743cbffb25d7148189e9f1a5f03a,3,0.0,4.29,4.14,Volume faible — Performant
077c5fae4bea9500e3737b16f71b9d3a,4,0.0,4.67,4.17,Volume faible — Performant
0791d9fc1e30678ecf03d3e55fa108d3,5,0.0,2.73,1.0,Volume faible — Performant
079d295dcbf06ee8bb1b65ba964eb2b6,5,0.0,4.8,0.4,Volume faible — Performant
07a9bc7f61396b658ddf3ac534efe44c,1,0.0,3.0,1.0,Volume faible — Performant
07bf9669d84d1f11be443a9dd938f698,18,0.0,3.25,1.25,Volume faible — Performant
07d75e33f2750d97d467fb57e4dfdd8a,2,0.0,2.5,5.5,Volume faible — Performant
07de60b03d150fb3ea09eab5da5e4c8b,9,0.11,4.33,0.67,Volume faible — Non performant
07e8e8fc5222bb358e6f259da3197074,2,0.0,4.0,3.5,Volume faible — Performant
080102cd0a76b09e0dcf55fcacc60e05,122,0.04,4.53,1.1,Volume élevé — Performant
080199a181c46c657dc5aa235411be3b,79,0.01,4.61,1.89,Volume élevé — Performant
08061dc0fc165ed41288cc7acde738ee,4,0.25,4.5,8.25,Volume faible — Non performant
08084d990eb3f53af056ccbc1730c8a7,12,0.0,4.45,2.92,Volume faible — Performant
081acf3de680d554796c9cf041be7bc2,4,0.12,4.12,3.38,Volume faible — Non performant
082e0bf4cb865a6533b1e8e498cc0255,11,0.13,3.3,1.43,Volume faible — Non performant
085f6f7e049c996695fb2074fe38d45e,6,0.0,3.62,2.62,Volume faible — Performant
08633c14ef2db992c11f840f04fad4cd,74,0.05,4.24,1.01,Volume élevé — Performant
0873d9f8f36123f8d910f4760e788cfb,6,0.33,3.17,4.67,Volume faible — Non performant
0885aaf116795758dfeb5f1032487bcd,27,0.0,4.24,0.52,Volume faible — Performant
0887a9f087bcd5d9f6642b52f897fc6c,12,0.08,4.42,0.83,Volume faible — Performant
08ad4ac1388e4420ca531c3edfc46198,6,0.0,2.71,1.71,Volume faible — Performant
08cdbae123ff67ca4e36d9d641ce0119,4,0.67,2.5,10.5,Volume faible — Non performant
08d0949a9a17c027262db1f3c450c26c,12,0.0,3.75,3.83,Volume faible — Performant
08d1c9478fb0d7d7fcac9c0da4e82fc7,1,0.0,5.0,6.0,Volume faible — Performant
08d2d642cf72b622b14dde1d2f5eb2f5,16,0.1,4.45,3.0,Volume faible — Performant
08f5819815f3d06545011850bd70f0a8,3,0.0,4.67,1.67,Volume faible — Performant
091065b789659bc3cd9af9cb3a6253ff,2,0.0,3.5,1.5,Volume faible — Performant
0936e1837d0c79253456bbb2ffaaef10,1,0.0,5.0,5.0,Volume faible — Performant
093805f8f2aeb63881444571e1f48f30,22,0.04,3.81,2.48,Volume faible — Performant
094ced053e257ae8cae57205592d6712,19,0.0,4.05,1.47,Volume faible — Performant
0951a6e282947e09cd47969f4ed0b47f,7,0.0,4.86,0.57,Volume faible — Performant
09883d9ab71c8fe8a9bfc7fc3075b07e,4,0.25,4.0,2.0,Volume faible — Non performant
099095b050cfe8eb1ddff5317587e96e,16,0.16,3.05,1.79,Volume faible — Non performant
09bad886111255c5b5030314fc7f1a4a,5,0.0,5.0,2.4,Volume faible — Performant
09f952a5f58d2285b0372551ae8f9b01,50,0.05,3.88,2.3,Volume élevé — Performant
0a198e95d32b1be2da9424c962a6ebfa,1,0.0,5.0,12.0,Volume faible — Performant
0a82f5fb06a4fe4ac2cf7cb412ec71b8,2,0.0,5.0,3.5,Volume faible — Performant
0a85ebe4e328db81ac9109781205e2f7,12,0.08,4.58,1.08,Volume faible — Performant
0aa2205ca24f113f4658a5c536667426,4,0.0,2.82,1.45,Volume faible — Performant
0ac4201fda2c68ebc0e47cb9423cf3c9,13,0.07,4.29,1.93,Volume faible — Performant
0ad80de75c811326389cfb1daba7d45e,6,0.0,5.0,1.17,Volume faible — Performant
0adac9fbd9a2b63cccaac4f8756c1ca8,106,0.04,4.01,3.87,Volume élevé — Performant
0ade5cc4a305ed7093a23f68ca47519c,2,0.0,5.0,1.5,Volume faible — Performant
0aea4c6ae1505b3228ddf3dd7822ee5b,8,0.25,3.88,1.25,Volume faible — Non performant
0af2ab31141893d26aca5a404a537dab,1,0.0,5.0,0.0,Volume faible — Performant
0af977692321d895349eded183341d28,2,0.0,4.5,0.5,Volume faible — Performant
0afccdb8a34ee5c79f7c06faf2b4d56e,24,0.08,4.09,3.25,Volume faible — Performant
0b09101900100c0e9d312861fad5a1b9,1,0.0,4.0,23.0,Volume faible — Performant
0b0ddbc7b9d9584f442c7ac92b0ff6c9,3,0.0,4.67,3.33,Volume faible — Performant
0b18d63d0cd1d723567903fd34a07df2,9,0.0,4.79,1.5,Volume faible — Performant
0b1ca3ef18a63d7eb0c8897fa0849c08,1,0.0,5.0,5.0,Volume faible — Performant
0b35c634521043bf4b47e21547b99ab5,50,0.12,3.53,2.96,Volume élevé — Non performant
0b36063d5818f81ccb94b54adfaebbf5,1,0.0,5.0,1.0,Volume faible — Performant
0b3f27369a4d8df98f7eb91077e438ac,2,0.0,4.0,1.0,Volume faible — Performant
0b46f784306be7200ca1700aa55d819f,1,0.0,5.0,1.0,Volume faible — Performant
0b64bcdb0784abc139af04077d49a20e,4,0.0,4.75,2.0,Volume faible — Performant
0b90b6df587eb83608a64ea8b390cf07,163,0.03,4.01,2.23,Volume élevé — Performant
0bae85eb84b9fb3bd773911e89288d54,136,0.01,4.23,0.86,Volume élevé — Performant
0bb27263628258b8111a0262769fa9db,1,0.0,5.0,40.0,Volume faible — Performant
0bb738e4d789e63e2267697c42d35a2d,29,0.03,4.63,2.53,Volume faible — Performant
0be8ff43f22e456b4e0371b2245e4d01,156,0.06,3.97,2.01,Volume élevé — Performant
0bebbb2cea103a4a020c95d43fd7d754,9,0.0,4.89,0.44,Volume faible — Performant
0bf0150d5b9d60d9cd2906003332f085,39,0.15,3.71,4.92,Volume faible — Non performant
0bfd0b434243adc5c2e1aa6baf19c6aa,6,0.0,3.67,0.83,Volume faible — Performant
0c7533c71df861ec58ad7ff999ed0e8d,61,0.04,4.08,2.74,Volume élevé — Performant
0c7f30ae9b147eca07affbef92832a6a,5,0.0,5.0,1.2,Volume faible — Performant
0c8380b62e38e8a1e6adbeba7eb9688c,180,0.05,4.06,2.61,Volume élevé — Performant
0cab2da43793a6f3c5ed8514c5f54627,3,0.0,5.0,0.0,Volume faible — Performant
0cbcee27c791afa0cdcb08587a2013a8,37,0.1,4.0,1.69,Volume faible — Performant
0d33a55da925bbf1ff02af5f6059fc7f,22,0.04,4.5,1.33,Volume faible — Performant
0d4c8269e7f0401201794deef160edd6,3,0.0,4.0,2.75,Volume faible — Performant
0d83f8e03188682112cc0d93523705cc,4,0.5,2.75,4.38,Volume faible — Non performant
0d85bbda9889ce1f7e63778d24f346eb,51,0.19,4.21,2.67,Volume élevé — Non performant
0daf5180aa44356f60f8effa533b55a2,2,0.0,5.0,0.5,Volume faible — Performant
0db783cfcd3b73998abc6e10e59a102f,132,0.04,4.21,2.47,Volume élevé — Performant
0dd184061fb0eaa7ca37932c68ab91c5,161,0.09,3.95,2.33,Volume élevé — Performant
0ddefe3c7a032b91f4e25b9c3a08fca1,9,0.0,4.5,2.2,Volume faible — Performant
0df3984f9dfb3d49ac6366acbd3bbb85,86,0.01,4.34,2.26,Volume élevé — Performant
0dfbed20065e425d2eaefb101f9816c0,3,0.33,2.67,2.67,Volume faible — Non performant
0e44d110fa6a54e121cb2c095a77762f,6,0.17,4.33,4.0,Volume faible — Non performant
0e72c1a751b496722a6cb1f10653b62a,3,0.0,4.67,0.67,Volume faible — Performant
0e982cff76cc0579f632cea8a0e38c9d,6,0.0,4.14,3.43,Volume faible — Performant
0ea22c1cfbdc755f86b9b54b39c16043,234,0.01,4.34,1.54,Volume élevé — Performant
0eaa7e33d73809f1f925f7d07c506cbd,15,0.0,4.71,0.8,Volume faible — Performant
0ebd97a106433a45a4aebe57c1799778,31,0.0,4.5,2.06,Volume faible — Performant
0ec28cec4046a4a199b6de9b4c891d97,3,0.0,5.0,2.75,Volume faible — Performant
0ed6ce5d87fd9c69eaacaeb778d67235,42,0.14,4.39,4.38,Volume faible — Non performant
0ee4fb99ac55ffbbc98795aa01b7f8fa,1,0.0,5.0,3.0,Volume faible — Performant
0ef83d7d83ed97cd2a0049ac8be5f88a,48,0.02,4.24,1.38,Volume faible — Performant
0f0c984a4a955310903b6b6008660bad,4,0.0,3.75,1.0,Volume faible — Performant
0f519b0d2e5eb2227c93dd25038bfc01,1,0.0,5.0,2.0,Volume faible — Performant
0f7eea709efdf942b5f95c7516dbacd7,3,0.0,4.0,1.67,Volume faible — Performant
0f80a40c312b2472dca482cf50f5186f,1,0.0,3.0,0.0,Volume faible — Performant
0f94588695d71662beec8d883ffacf09,1,0.0,5.0,0.0,Volume faible — Performant
0fe2d9733ed841eb064503920015a8c0,3,0.0,4.67,-0.33,Volume faible — Performant
0ff83046c3fa22efee8ecf291888b191,10,0.0,4.82,3.27,Volume faible — Performant
0ffa40d54288e4f3499b8780dd0f144f,33,0.11,4.4,1.74,Volume faible — Non performant
10076e5788b8ee532724bcd460baf762,23,0.04,4.62,1.12,Volume faible — Performant
10089e9f2fd0c668a8fd4e52e1698888,3,0.0,4.33,1.33,Volume faible — Performant
101a3a003516bc11253298b2fad3cb65,5,0.0,4.83,1.17,Volume faible — Performant
1025f0e2d44d7041d6cf58b6550e0bfa,910,0.07,3.86,3.72,Volume élevé — Performant
10264f60a8f0a4d2f30810f5c661c673,4,0.0,5.0,0.75,Volume faible — Performant
1099a00e0ee3a50935e6c2447ca090c5,3,0.33,3.67,11.0,Volume faible — Non performant
10cdd491d1dbea8fb4ead97b19c334ce,3,0.0,5.0,1.0,Volume faible — Performant
10ff823eda2b032e2c93d17a7d294736,8,0.0,4.25,1.75,Volume faible — Performant
112453736dbe3889cfb74e1aaa0ba0c1,7,0.0,4.07,4.21,Volume faible — Performant
1127b7f2594683f2510f1c2c834a486b,110,0.05,4.18,2.0,Volume élevé — Performant
11305281b50fff20ae8bb473f8e11876,35,0.12,4.35,1.92,Volume faible — Non performant
113e3a788b935f48aad63e1c41dac1bd,39,0.04,4.4,1.92,Volume faible — Performant
116ccb1a1604bc88e4d234a8c23f33de,61,0.03,4.6,1.26,Volume élevé — Performant
11742f81550ac064cc9a40f67151d9ad,2,0.0,5.0,3.0,Volume faible — Performant
117cfc326c6d50da67ca858ff5c0c852,5,0.0,4.6,0.6,Volume faible — Performant
11938fcc75f6902fea1d0a6f72b54a57,2,0.0,3.0,1.0,Volume faible — Performant
119c7f1a00ef43fad0e57604e76a747c,2,0.0,4.5,0.5,Volume faible — Performant
119d1aef1b4144adba89163f6cd9f5d4,4,0.0,4.75,1.75,Volume faible — Performant
11bfa66332777660bd0640ee84d47006,76,0.16,3.8,2.14,Volume élevé — Non performant
11d4c477d09821164bca4f70a2eae031,3,0.0,5.0,0.5,Volume faible — Performant
11eac105f3f90a9b87b19c89d91e24f3,5,0.0,3.6,2.2,Volume faible — Performant
11fb6f6d341adbe19e81733701704635,3,0.0,5.0,1.0,Volume faible — Performant
120476eb7a04c149d14772edaf5d9bf2,4,0.0,3.83,1.33,Volume faible — Performant
1284de4ae8aa26997e748c851557cf0e,3,0.0,2.67,1.0,Volume faible — Performant
128639473a139ac0f3e5f5ade55873a5,527,0.04,4.2,2.49,Volume élevé — Performant
128f9bfbe4c7d5185033914b1de3d39a,13,0.07,4.8,3.87,Volume faible — Performant
12a8eb0f8d1cd3270695bf2a99f55966,2,0.0,3.5,8.5,Volume faible — Performant
12b9676b00f60f3b700e83af21824c0e,133,0.01,4.55,4.19,Volume élevé — Performant
12c2ed9cded6138cf0c75f525f565fc7,4,0.25,4.25,3.0,Volume faible — Non performant
13074f016982ff2bd6c58ced8682f000,13,0.21,4.14,4.0,Volume faible — Non performant
131fcb0a0c9a47bba4474aacff0f14b7,4,0.0,4.0,1.25,Volume faible — Performant
1336efc61c316ddf92c899eb817f7cae,74,0.08,3.94,2.87,Volume élevé — Performant
134285d1f41da5c13a756ee8142c8a4e,3,0.0,2.75,1.25,Volume faible — Performant
134a288e7de827ec5ec62e3ec9c3a295,9,0.0,4.78,1.22,Volume faible — Performant
134b867a0f7f8bbe6abf10f91874891e,1,0.0,4.0,3.0,Volume faible — Performant
13511db12ac61e2f89c53b72a944a60b,6,0.0,3.5,2.5,Volume faible — Performant
1352e06ae67b410cdae0b2a22361167b,2,1.0,3.0,17.0,Volume faible — Non performant
1354d51653f645349064725ed204e85e,18,0.0,3.85,3.2,Volume faible — Performant
138dbe45fc62f1e244378131a6801526,49,0.02,3.98,1.31,Volume faible — Performant
139157dd4daa45c25b0807ffff348363,1,0.0,4.0,0.0,Volume faible — Performant
13c2ed7698b3ca92dad49e849219da59,8,0.0,4.44,1.44,Volume faible — Performant
13d058e4eeac2ce8217660b2f8a05812,22,0.09,4.18,2.86,Volume faible — Performant
13d95f0f6f73943d4ceffad0fc2cd32c,1,1.0,3.0,3.0,Volume faible — Non performant
13dd308f81fea30cc670c656b2b46cc3,3,0.0,5.0,0.67,Volume faible — Performant
13e85aac53340018b40c2af68001b7e0,1,0.0,5.0,12.0,Volume faible — Performant
13f57c12a00ed4610db646b913a7f5c6,7,0.15,4.77,2.31,Volume faible — Non performant
13fa2a6c6b9d0f43cb588d7c82117a12,9,0.3,4.0,4.8,Volume faible — Non performant
141440cad9341e553f8401c574a2aa38,11,0.0,4.17,0.67,Volume faible — Performant
1430239a858e7682bbc43b20758af153,17,0.0,4.0,1.09,Volume faible — Performant
1444c08e64d55fb3c25f0f09c07ffcf2,1,0.0,1.0,3.0,Volume faible — Performant
1464afc72f696af775557a821c2e253f,29,0.03,4.17,0.9,Volume faible — Performant
14a08204d03bb6b6bde8029f801ae0eb,28,0.0,3.82,2.08,Volume faible — Performant
14d7985702e72162bbf13b6beb74ab2b,37,0.11,4.34,2.11,Volume faible — Non performant
14ee35374a7876217954b5fa08e50463,6,0.17,4.33,2.0,Volume faible — Non performant
14f2b3587172b9db894c9bad8dab520b,2,0.0,2.5,9.0,Volume faible — Performant
152ee17e4c8aaf53dac99f3462e4999b,6,0.0,4.33,2.67,Volume faible — Performant
154bdf805377afea75a3bd158e9eab10,1,1.0,1.0,1.0,Volume faible — Non performant
1554a68530182680ad5c8b042c3ab563,246,0.06,4.27,1.95,Volume élevé — Performant
157c3e4b42f81ac4a44e8b1ca2fe9876,23,0.06,3.97,3.1,Volume faible — Performant
1588ac4010787100dddef64568f0ae35,3,0.0,3.0,5.33,Volume faible — Performant
15aac934c58d886785ac1b17953ea898,25,0.15,4.12,2.0,Volume faible — Non performant
15b3b1b81484422eb41df68ac87f1f50,1,0.0,1.0,6.0,Volume faible — Performant
15cd6eefe58588619aaed41dfa6621b1,16,0.06,4.33,3.28,Volume faible — Performant
15ead3a5037a918ddb520dfe39a3d2b9,6,0.29,4.86,3.86,Volume faible — Non performant
15fa791d5e017f66402dc28c44480657,8,0.12,4.25,0.88,Volume faible — Non performant
160851d3ece7aa1a510f8d1a4bb8a8af,2,0.0,5.0,1.0,Volume faible — Performant
16090f2ca825584b5a147ab24aa30c86,398,0.08,4.07,1.55,Volume élevé — Performant
160e4f13fd3a64b1b86807be88b5ffb0,4,0.0,4.25,7.75,Volume faible — Performant
164a5a8794e6d42e14f55e447b12a3bc,1,0.0,5.0,0.0,Volume faible — Performant
165b1235e9e9942cb5fae67103576fb0,11,0.06,4.31,0.62,Volume faible — Performant
165fc07beebdcb6190fba8a06db2a449,50,0.09,3.69,3.64,Volume élevé — Performant
1660ad786c27fd935378b6192a90b417,12,0.08,4.62,1.92,Volume faible — Performant
166e8f1381e09651983c38b1f6f91c11,2,0.0,5.0,5.0,Volume faible — Performant
167fd940acebc789debd6eb418c46e38,5,0.2,3.0,4.0,Volume faible — Non performant
1690cada046eb7e92c12f98b1f8a8167,10,0.1,4.9,1.5,Volume faible — Performant
16bdc8cefd0e32a6f0824d296c5ad14a,1,0.0,5.0,2.0,Volume faible — Performant
1703bc09972dab9782e7a9194943b69f,1,0.0,5.0,2.0,Volume faible — Performant
1710c3aaa9c6b44ec3883ee0fe300e21,2,0.0,5.0,0.0,Volume faible — Performant
17306570e772e7718c92a562d33f5f1d,27,0.07,3.77,3.8,Volume faible — Performant
173d56ffbd4c56cb80fc3615487d712b,2,0.0,5.0,1.5,Volume faible — Performant
1746c1ae87ac63d530c7c943d0ac42e2,1,0.0,5.0,7.0,Volume faible — Performant
1771297ac436903d1dd6b0e9279aa505,28,0.03,4.63,0.78,Volume faible — Performant
1782ce2db72c3dda627d5e7c898104e1,9,0.1,4.3,1.6,Volume faible — Performant
17908cf9b444ee34047cadd5c0f4a516,11,0.09,4.55,2.73,Volume faible — Performant
17998cf586426bf0f2c3726cb0a4b211,2,0.0,4.0,1.5,Volume faible — Performant
179d859f51292aac5c10806a356f7af9,18,0.05,4.32,1.74,Volume faible — Performant
17a053fcb14bd219540cbde0df490be0,124,0.05,4.23,3.36,Volume élevé — Performant
17ca9b9e9b9ef8fdb529001b49ebb50f,115,0.01,4.03,1.43,Volume élevé — Performant
17e34d8224d27a541263c4c64b11a56b,247,0.07,4.2,2.5,Volume élevé — Performant
17eea220a40cc0d2c0c5346379682398,3,0.67,3.67,4.33,Volume faible — Non performant
17f51e7198701186712e53a39c564617,56,0.08,4.34,11.67,Volume élevé — Performant
180c3376aff0e43dd5788709df48a843,5,0.1,4.7,3.3,Volume faible — Performant
1835b56ce799e6a4dc4eddc053f04066,417,0.09,3.61,1.49,Volume élevé — Performant
1838dd9b8977065acf51d95e0053ea7a,62,0.03,4.34,1.12,Volume élevé — Performant
184725737946a1a938bbbd1a9e978103,3,0.0,4.67,0.67,Volume faible — Performant
184a67a8f9f63234d3a92340bbdb727f,7,0.0,3.9,5.1,Volume faible — Performant
186cdd1b2df32caa72cfb410bba768d3,6,0.0,5.0,2.17,Volume faible — Performant
189ca3538ce9f920cacf0f982cbe223b,4,0.0,3.8,2.4,Volume faible — Performant
18a349e75d307f4b4cc646a691ed4216,109,0.05,3.52,3.02,Volume élevé — Performant
18e694e0e48ed6f7aa3f24aade5fd697,31,0.03,4.68,1.09,Volume faible — Performant
1900267e848ceeba8fa32d80c1a5f5a8,406,0.07,3.87,1.85,Volume élevé — Performant
191d55f7edb8524d525ed01b20fe32e8,3,0.33,2.33,5.67,Volume faible — Non performant
1927cdb9fa74f5270097f6250e8e8f34,1,0.0,5.0,-1.0,Volume faible — Performant
19484c79cef6c062cb177aa4ef2fcc3c,1,1.0,1.0,19.0,Volume faible — Non performant
1961c3e1272bfeceb05d0b78b5bbfdaf,2,0.0,4.67,1.67,Volume faible — Performant
1976a05ecf2996d6ffb7b5430e635fe7,8,0.22,4.0,6.56,Volume faible — Non performant
1987cd4be10fe09ee50454f9c354d1c6,14,0.06,4.25,4.56,Volume faible — Performant
198c7ea11960a9844b544d9bcdca860c,25,0.08,3.88,1.8,Volume faible — Performant
1996942dc085d7773ba77a529b163cd0,9,0.0,4.22,1.56,Volume faible — Performant
19a7c9f66ffa6452ff4b4c0cca71da27,1,0.0,5.0,4.0,Volume faible — Performant
19d62d484cba71963c93f0f00ab42013,1,0.0,4.0,6.0,Volume faible — Performant
19e0f40a907ec568c34bfac15de4f4a1,4,0.0,5.0,2.25,Volume faible — Performant
1a3df491d1c4f1589fc2b934ada68bf2,160,0.04,4.25,3.5,Volume élevé — Performant
1a8e2d9c38b84a9702ac7922924b0573,1,0.0,5.0,0.0,Volume faible — Performant
1a932caad4f9d804097d7f8e615baed1,20,0.1,3.57,0.7,Volume faible — Performant
1acde099eb406aa220b1169b188b42da,9,0.0,4.3,1.5,Volume faible — Performant
1b0b0f4f95e962d6f32fe90c759d0479,2,0.0,5.0,5.0,Volume faible — Performant
1b1ae47a313a825a7ccceb8e2e30fa9d,10,0.0,4.22,2.3,Volume faible — Performant
1b45169b635ef59425637e9a33eb5fb3,7,0.0,4.62,2.12,Volume faible — Performant
1b4b28463457a256e9a784ebe2a8f630,1,1.0,1.0,13.0,Volume faible — Non performant
1b4c3a6f53068f0b6944d2d005c9fc89,111,0.04,4.14,1.38,Volume élevé — Performant
1b61fb1f0f2185d89e9a126c498e9cc7,1,0.0,5.0,4.0,Volume faible — Performant
1b65c144b17e607c0f37f10bb7dfec8d,5,0.0,2.0,0.8,Volume faible — Performant
1b7e5006cb25dd23ce8686691013b121,11,0.18,4.36,6.73,Volume faible — Non performant
1b8356dabde1d35e17cef975c3f82730,55,0.02,4.13,1.27,Volume élevé — Performant
1b8b75e227c9a9c100d0c210fb6176ce,15,0.07,3.93,9.0,Volume faible — Performant
1b938a7ec6ac5061a66a3766e0e75f90,29,0.0,4.45,1.42,Volume faible — Performant
1bb2bdb95f4841f1bba2c0d2cd83d3c9,79,0.06,4.57,4.89,Volume élevé — Performant
1bb3812d5f0747a3ab7348f199001a10,9,0.0,4.89,3.56,Volume faible — Performant
1bc2e21de46adfea6b98cc96b00f3b40,3,0.0,3.6,7.0,Volume faible — Performant
1c129092bf23f28a5930387c980c0dfc,200,0.04,4.18,3.52,Volume élevé — Performant
1c40343cc5d18c2d8248ac2f3366de34,21,0.09,4.55,1.77,Volume faible — Performant
1c56ffe0e9dea2657fc6e95b53f40b13,3,0.0,4.33,1.0,Volume faible — Performant
1c5e4e49b9079480255b49d50aac1aa9,12,0.0,4.33,2.75,Volume faible — Performant
1c68394e931a64f90ea236c5ea590300,142,0.04,3.93,4.52,Volume élevé — Performant
1c742ac33582852aaf3bcfbf5893abcf,1,0.0,5.0,3.0,Volume faible — Performant
1c83418358f249c9d6affa52d579db0e,1,0.0,5.0,3.0,Volume faible — Performant
1ca4bdb0cd7fc48e949bac066188ed26,3,0.33,5.0,4.33,Volume faible — Non performant
1ca7077d890b907f89be8c954a02686a,108,0.15,2.27,4.93,Volume élevé — Non performant
1caf283236cd69af44cbc09a0a1e7d32,33,0.11,4.54,1.92,Volume faible — Non performant
1cbcd2ee0afb3fc09963b87eb65e7e4f,1,0.0,5.0,2.0,Volume faible — Performant
1cbd32d00d01bb8087a5eb088612fd9c,11,0.08,4.25,3.75,Volume faible — Performant
1cbd50a8c52e6cf8e315c5709fab386f,9,0.11,3.78,2.44,Volume faible — Non performant
1cbdc7cf130a41fd13a3c2a7d2fcfda7,2,0.0,5.0,1.0,Volume faible — Performant
1cd9e0cc1839d55516843def5600816d,5,0.0,5.0,2.6,Volume faible — Performant
1ce3ae5a399804d1a87e706f8a813c3e,40,0.07,3.73,1.77,Volume faible — Performant
1d0646a72178a6fb37ee8082140e06ec,2,0.0,5.0,0.5,Volume faible — Performant
1d0997ff06b524ce9289ffd75114ecd3,3,0.33,3.67,4.33,Volume faible — Non performant
1d139e3a3b14025640d8df1b230aace0,2,0.0,3.5,1.0,Volume faible — Performant
1d1bbb8ac1581824986f582583fff01d,4,0.25,3.5,3.25,Volume faible — Non performant
1d2732ef8321502ee8488e8bed1ab8cd,4,0.2,3.2,4.4,Volume faible — Non performant
1d29dfba02015238dfbe2449a5eaa361,12,0.08,4.5,1.5,Volume faible — Performant
1d4587203296c8f4ad134dc286fa6db0,40,0.02,4.37,1.29,Volume faible — Performant
1d503743d2526f03f0c2c89540ee008c,12,0.06,4.24,1.41,Volume faible — Performant
1d8dbc4f32378d715c717c1c1fc57bae,91,0.08,3.93,3.89,Volume élevé — Performant
1d953075c2f0dd990bacf27b83b330f1,1,0.0,5.0,1.0,Volume faible — Performant
1da366cade6d8276e7d8beea7af5d4bf,42,0.06,3.98,6.73,Volume faible — Performant
1da3aeb70d7989d1e6d9b0e887f97c23,261,0.04,4.08,1.44,Volume élevé — Performant
1dc2de47ee26a0a5b12dc14fd6dc0dea,25,0.04,4.52,2.15,Volume faible — Performant
1dcfa3835714681d4ba4a93bc1e0fd41,12,0.0,4.08,6.29,Volume faible — Performant
1dd33b8119b3cb1056ed5dc88cd0aaf4,8,0.12,3.75,1.88,Volume faible — Non performant
1de62b6f2fd96227629786db492433db,2,0.0,5.0,0.0,Volume faible — Performant
1dfe5347016252a7884b694d4f10f5c4,20,0.23,3.19,2.04,Volume faible — Non performant
1e26c56af8d48424e1df0140a2401f83,2,0.0,5.0,0.5,Volume faible — Performant
1e47d8b6546eb3a77b1acddcc9406242,1,0.0,1.0,16.0,Volume faible — Performant
1e47defeeadeca0e9a18fa5a9311e735,3,0.0,5.0,0.33,Volume faible — Performant
1e483cc5c76fef08d3ca05f9a8af7d01,9,0.0,4.4,2.1,Volume faible — Performant
1e8b33f18b4f7598d87f5cbee2282cc2,122,0.03,4.31,1.25,Volume élevé — Performant
1e8c6a4c538f286aee9573239740a4b4,5,0.0,3.8,1.2,Volume faible — Performant
1e9d5a33694bddb76316fd1f54734d20,2,0.0,4.5,4.0,Volume faible — Performant
1eade46fba20122dc4aefb379f8c636b,58,0.12,4.31,1.72,Volume élevé — Non performant
1f1bb1f0859883505541bdd6606193e5,27,0.1,4.31,3.31,Volume faible — Performant
1f2eebc0e970fd3c463e4f5d9652687a,1,1.0,5.0,6.0,Volume faible — Non performant
1f50f920176fa81dab994f9023523100,1399,0.08,3.99,3.48,Volume élevé — Performant
1f7dfad2cb384ea4d2d7e1ffbd78c407,1,0.0,1.0,4.0,Volume faible — Performant
1f7fd2a6fcd5a6fa5d8a4dabc72aaae0,3,0.0,5.0,0.33,Volume faible — Performant
1f867308a0ce13133a4e639ff4de0c02,7,0.0,4.54,2.69,Volume faible — Performant
1f9ab4708f3056ede07124aad39a2554,76,0.05,4.11,2.71,Volume élevé — Performant
1fa2d3def6adfa70e58c276bb64fe5bb,1,0.0,1.0,-1.0,Volume faible — Performant
1fbe10c70e30765ed1de86d9f7e98409,2,0.0,1.5,3.5,Volume faible — Performant
1fdc574883ef3b33ad41562d93f3a74a,18,0.06,4.44,1.5,Volume faible — Performant
1fe5540d7c1c37a595fefbacd5570d9e,20,0.04,4.28,2.24,Volume faible — Performant
1fe61aa5494bd3ae92a2c13e067c810f,1,0.0,4.0,0.0,Volume faible — Performant
2009a095de2a2a41626f6c6d7722678d,8,0.0,3.92,0.83,Volume faible — Performant
2039c5e51785b5dde7cf93ccb3b7be2c,1,0.0,5.0,0.0,Volume faible — Performant
204b4e07bddef3c9b317f70189135b22,1,0.0,5.0,2.0,Volume faible — Performant
2059c39f76271d4ca3f15b5ffaccc8b8,12,0.0,4.5,1.92,Volume faible — Performant
20611af7866c6068fd5ae1f9dbe15c92,2,0.0,4.5,3.5,Volume faible — Performant
2063dd1b9f568df1c16741ea7d3e6adb,3,0.0,5.0,0.33,Volume faible — Performant
2075d8cd4dd63ff12df0749a5866bb06,3,0.0,5.0,0.33,Volume faible — Performant
2089a6d640999f9b9141ac719b2af596,41,0.12,3.93,8.8,Volume faible — Non performant
20a7efa9721046319bdde5d60b6b5365,3,0.0,5.0,0.83,Volume faible — Performant
20a8b0dc55da94fe74d112082427c84f,7,0.14,4.29,3.14,Volume faible — Non performant
20b54c376b794ed028df09a3cd88e8dc,7,0.29,3.71,9.57,Volume faible — Non performant
20cb7c2fde3e5bf10f0bbe7394e1c6a9,31,0.1,3.9,1.88,Volume faible — Performant
20d53aad4fe5ee93a64f8839609d3586,1,1.0,1.0,1.0,Volume faible — Non performant
20d83f3ef0e6925fd74bfd59170babf7,40,0.04,4.35,1.43,Volume faible — Performant
20f0aeea30bc3b8c4420be8ced4226c0,1,1.0,,38.0,Volume faible — Non performant
2138ccb85b11a4ec1e37afbd1c8eda1f,388,0.05,3.92,2.18,Volume élevé — Performant
213b25e6f54661939f11710a6fddb871,152,0.07,3.82,7.18,Volume élevé — Performant
213fafb0ca06fb3d5886579c2565791b,3,0.0,2.33,0.33,Volume faible — Performant
2156f2671501a81034d7d07f217609d0,21,0.14,4.0,2.95,Volume faible — Non performant
217f005bb37ff3aeef5b2ae1788e75ba,2,0.0,4.5,5.5,Volume faible — Performant
218d46b86c1881d022bce9c68a7d4b15,382,0.08,4.17,1.56,Volume élevé — Performant
218f991754f360af9c2daa5e0b8e990c,14,0.12,3.53,2.94,Volume faible — Non performant
2199e7fe213c16213bf5d6a7eadc9a5d,24,0.03,4.4,1.5,Volume faible — Performant
21c62b998a043ebe31161d38f84929fc,4,0.0,4.5,2.25,Volume faible — Performant
21d59342ba150175ca2aa4f8faddeca6,2,0.0,4.5,0.0,Volume faible — Performant
21e83881401b92b49fb09a16d3852291,12,0.0,4.77,3.46,Volume faible — Performant
2235cf78d3e2073a88146a9cb60f0dd0,1,0.0,5.0,5.0,Volume faible — Performant
226b05fe067266c59c15dae208213d06,10,0.0,4.18,0.91,Volume faible — Performant
228e4c1a0be164f613d41c24345f9d2c,5,0.0,5.0,3.6,Volume faible — Performant
229c3efbfb0ea2058de4ccdfbc3d784a,118,0.02,3.64,1.37,Volume élevé — Performant
22a23e5ac7061fc538cc2a019afaaf16,1,0.0,3.0,7.0,Volume faible — Performant
22c32ec35d0116ef02c281798a25bf8b,4,0.0,3.5,0.5,Volume faible — Performant
2305ab43e846518f58dd9d59f3f54e96,3,0.0,3.67,3.0,Volume faible — Performant
232a6014e7b10cba61c6c2b2ea6bb4b0,32,0.03,4.09,1.4,Volume faible — Performant
23613d49c3ac2bd302259e55c06c050c,69,0.09,3.69,4.8,Volume élevé — Performant
236585a4ddb5fea9fa40233e2249ed91,11,0.09,4.09,5.73,Volume faible — Performant
2379bdc3888025689a9deb7b141507d5,9,0.22,4.33,3.44,Volume faible — Non performant
238fac594e170b59c6d228f5a4f4f1d9,29,0.13,3.97,1.4,Volume faible — Non performant
23a0ffca143a15b9b5bbdb7d552f626a,23,0.12,3.96,0.83,Volume faible — Non performant
23c38debaffe4a25a30fdbd9b586a13f,41,0.11,4.3,2.46,Volume faible — Non performant
23ca5f678e0b3ea6c630b30fa8bf51ea,6,0.0,5.0,2.71,Volume faible — Performant
23d7c96d4a1160db1c726b248601b25a,50,0.1,3.92,3.31,Volume élevé — Performant
23ff42c4bf1f8f16cddb19d8b972974a,2,0.0,4.33,2.0,Volume faible — Performant
240b9776d844d37535668549a396af32,35,0.03,4.34,4.71,Volume faible — Performant
244b04680fdbded0acf5aebd9c92b44a,2,0.5,1.0,37.0,Volume faible — Non performant
244c2f1bff6afe1f2eaf9bfe9b2aed38,23,0.15,3.63,3.26,Volume faible — Non performant
247587846358bb1d2e4c6522020b36fe,1,0.0,5.0,1.0,Volume faible — Performant
2493dc3f20131696a0ecdb9948051a8d,4,0.0,4.75,1.25,Volume faible — Performant
249f0e9905a6e06ad6c6bea7547ab9f6,3,0.0,3.67,2.0,Volume faible — Performant
24a6daf925d9d591870a66660416de31,2,0.0,4.5,0.5,Volume faible — Performant
24c1de8d9551c0b4fbc53317d53efda8,1,0.0,5.0,4.0,Volume faible — Performant
2528513dd95219a6013d4d05176e391a,160,0.04,3.96,2.17,Volume élevé — Performant
2528744c5ef5d955adc318720a94d2e7,5,0.0,2.4,3.4,Volume faible — Performant
252e76235acb79183cfca6e34f13337d,3,0.0,3.75,3.5,Volume faible — Performant
253c025bab43881055aeecde5e2d8b77,2,0.5,4.5,3.0,Volume faible — Non performant
253f95b3a0e6983ae18aed49fbc2b845,5,0.0,4.4,2.0,Volume faible — Performant
257e61d3251fb5efb9daadddbc2cf7ca,12,0.0,4.75,1.17,Volume faible — Performant
258447aad3f7b01e2643c89f64dc5647,1,0.0,5.0,0.0,Volume faible — Performant
259f7b5e6e482c230e5bfaa670b6bb8f,136,0.01,4.27,1.25,Volume élevé — Performant
25be943a321c8938947bdaabca979a90,3,0.0,4.33,1.33,Volume faible — Performant
25c5c91f63607446a97b143d2d535d31,156,0.06,3.75,4.55,Volume élevé — Performant
25cf099de44674fde97473224f9d59ab,50,0.04,4.33,1.36,Volume élevé — Performant
25debeafbce801fdd479539350185eee,5,0.0,2.67,5.17,Volume faible — Performant
25e47381a6c510ddeb36084e33b89f0c,16,0.0,4.06,2.65,Volume faible — Performant
25e6ffe976bd75618accfe16cefcbd0d,106,0.03,4.42,1.57,Volume élevé — Performant
262237171f48e85819065498cac80d7b,4,0.0,4.3,1.1,Volume faible — Performant
2646baaf662d4d92ac48f047e35db92d,15,0.06,4.56,1.22,Volume faible — Performant
26562f211dd1364af2a8596dc945e8ae,2,0.0,5.0,1.0,Volume faible — Performant
265fdc289dffa9f1ad801c74f7d0de47,1,0.0,5.0,1.0,Volume faible — Performant
26785a546900236d66f2e4197c211158,15,0.0,4.67,1.47,Volume faible — Performant
269c5fc9fcadee614364c3620c30a1f9,3,0.0,5.0,2.0,Volume faible — Performant
269cff2d3c8d205c11f37a52402ea93b,4,0.0,4.4,1.4,Volume faible — Performant
26af45f5dfd967225a832838aa4e24a3,10,0.0,4.18,1.45,Volume faible — Performant
26b482dccfa29bd2e40703ba45523702,3,0.0,5.0,0.5,Volume faible — Performant
26bad72add1f86e08a776ce4ffdaf1ca,7,0.0,4.43,1.86,Volume faible — Performant
26d6bbee02420494d471c9f6436929c0,12,0.0,4.69,1.08,Volume faible — Performant
26d8a1c7c75d513045798992ead43aa2,34,0.08,4.33,2.64,Volume faible — Performant
26e13b6ff5b641b329e5524241ee2c93,4,0.0,4.0,0.0,Volume faible — Performant
26e2c91ef821e1ff8985f408788fe35b,12,0.36,3.0,2.43,Volume faible — Non performant
26e2e5033827d2ba53929f43e03d8ffe,1,0.0,5.0,2.0,Volume faible — Performant
26f6b7ab07be3e9e69ce82a6552efc19,2,0.5,3.0,6.5,Volume faible — Non performant
270297ead4c65a6cd2593960d2af6b21,17,0.0,3.74,2.74,Volume faible — Performant
270572bb714b00531be85e16e1550f26,1,0.0,5.0,1.0,Volume faible — Performant
2709af9587499e95e803a6498a5a56e9,25,0.5,2.6,2.37,Volume faible — Non performant
270d3ef21830ad0ecf3a6c53d08a533a,5,0.0,2.29,3.71,Volume faible — Performant
271b8923c6a549e02d3c9fd1f8c0422b,1,1.0,4.0,8.0,Volume faible — Non performant
271c58a1d139c45eaf3316107c6d3a3b,27,0.07,4.19,5.33,Volume faible — Performant
272f092de69afedd4d2969440b37f18f,25,0.0,4.08,2.59,Volume faible — Performant
2745f798279e0ed033addcc1474776d7,32,0.09,3.97,2.88,Volume faible — Performant
276677b5d08786d5dce7c2149dcce48b,31,0.04,3.89,1.56,Volume faible — Performant
27a56ff04b34c2ba34ce6ba4d3b9d616,8,0.12,4.12,2.62,Volume faible — Non performant
282c7480173bb9c01dd41cc739fec010,5,0.12,4.43,2.38,Volume faible — Non performant
282f23a9769b2690c5dda22e316f9941,98,0.04,4.33,2.94,Volume élevé — Performant
28405831a29823802aa22c084cfd0649,6,0.0,4.5,3.67,Volume faible — Performant
28872dc528e978a639754bc8c2ce5a4c,1,0.0,5.0,0.0,Volume faible — Performant
289cdb325fb7e7f891c38608bf9e0962,109,0.02,4.59,1.1,Volume élevé — Performant
28a26ebce31d5918b181ede016fd693b,1,0.0,5.0,2.0,Volume faible — Performant
28c7d8743fbc8679f484868cc0fcaefb,3,0.0,5.0,2.33,Volume faible — Performant
28d162ab86bb49d719c32f0ee6186eaa,1,0.0,4.0,0.0,Volume faible — Performant
28ea411b354f14b1a494be4e79f0ce02,6,0.0,4.67,1.33,Volume faible — Performant
28f10b1c5e5abb9d4857745bede6147c,28,0.14,4.0,1.25,Volume faible — Non performant
28fb0829fd777877cdc350d25cb5bd5b,2,0.0,5.0,0.5,Volume faible — Performant
293dee954235e4e4e43f129313625ebe,8,0.0,5.0,2.0,Volume faible — Performant
2953ce3a88f5e3c3b696d77fc9e4c8eb,14,0.07,4.67,2.27,Volume faible — Performant
296729ffb9b684050dd24836dac4494a,2,0.0,5.0,1.5,Volume faible — Performant
297d5eccd19fa9a83b2630071ff105e4,8,0.0,5.0,1.0,Volume faible — Performant
299c89a525fee36c567f4fe72f038100,1,0.0,3.0,0.0,Volume faible — Performant
29c322e3f09f886f8bacbe91dfbd979e,1,0.0,5.0,1.0,Volume faible — Performant
29e6e05b65f93bc224c644319dc52ecf,4,0.0,4.75,0.25,Volume faible — Performant
29fe9f200d3fa0c668d2aa1ec7e08dfb,5,0.0,4.0,2.6,Volume faible — Performant
2a1348e9addc1af5aaa619b1a3679d6b,48,0.29,3.04,4.57,Volume faible — Non performant
2a167ca73899c85001a837d8fb4962f6,2,0.0,4.33,1.33,Volume faible — Performant
2a261b5b644fa05f4f2700eb93544f2c,51,0.2,3.34,2.11,Volume élevé — Non performant
2a50b7ee5aebecc6fd0ff9784a4747d6,1,1.0,1.0,3.0,Volume faible — Non performant
2a5b78b41cd05baeac8df54c6606b92c,46,0.02,4.3,1.52,Volume faible — Performant
2a61c271b1ac763450d846849783e922,17,0.14,3.68,1.82,Volume faible — Non performant
2a6fbeaa7ab9e5d59a35841a8da71ce4,30,0.07,3.93,3.63,Volume faible — Performant
2a73cba571d90c694b7caca072ccf6ce,1,0.0,5.0,12.0,Volume faible — Performant
2a7c6c0b0d5efde2bf75ec1e1cec2d41,3,0.0,3.33,3.0,Volume faible — Performant
2a7dc43cecabf23403078e2188437d1d,52,0.06,4.09,3.67,Volume élevé — Performant
2a84855fd20af891be03bc5924d2b453,155,0.03,4.36,1.32,Volume élevé — Performant
2aa3443d7bf9d9bb11133f420d75e083,10,0.2,3.0,1.9,Volume faible — Non performant
2aafae69bf4c41fbd94053d9413e87ee,2,0.0,4.5,2.5,Volume faible — Performant
2addf05f476d0637864454e93ba673d5,12,0.0,5.0,0.92,Volume faible — Performant
2b03ac196f5ed62ac483960fe0fa3b65,7,0.14,4.14,0.86,Volume faible — Non performant
2b1a40c1daabc6ca280c4b815c101841,22,0.03,3.79,0.7,Volume faible — Performant
2b2fed75b8e5ea3a052fc4c0825da485,3,0.0,5.0,1.25,Volume faible — Performant
2b3b9ce054da76a7428df143a567b156,5,0.0,3.17,1.5,Volume faible — Performant
2b3e4a2a3ea8e01938cabda2a3e5cc79,52,0.0,4.39,2.39,Volume élevé — Performant
2b402d5dc42554061f8ea98d1916f148,1,0.0,5.0,1.0,Volume faible — Performant
2b5ed0c9139dae8883a200dfcb272ece,4,0.25,4.25,3.0,Volume faible — Non performant
2ba91c7ad80ff88b23b7db823b43c233,6,0.17,3.83,0.83,Volume faible — Non performant
2bd05d410a8fd26dc4184a15f4f2f588,6,0.0,5.0,3.29,Volume faible — Performant
2bdb95a56a36ebbc6640337ac5eac174,1,0.0,5.0,3.0,Volume faible — Performant
2be17df1c49978426251562096c3cc09,16,0.06,4.19,1.25,Volume faible — Performant
2bf28e311bba65237358230cabac3f15,7,0.25,3.88,4.5,Volume faible — Non performant
2bf6a2c1e71bbd29a4ad64e6d3c3629f,30,0.06,4.19,2.06,Volume faible — Performant
2c00c85d30361cd2ced2969cffbbffa3,1,0.0,5.0,0.0,Volume faible — Performant
2c2c9832d1bb38c5b0034a3b47d313ee,1,0.0,3.0,5.0,Volume faible — Performant
2c3d56f92f360fb89d849b84e8f50eae,7,0.14,3.43,1.71,Volume faible — Non performant
2c43fb513632d29b3b58df74816f1b06,3,0.0,3.67,0.67,Volume faible — Performant
2c4c47cb51acd5ea5db5e0ae0e26542a,12,0.0,4.6,2.53,Volume faible — Performant
2c538755f1ca9540af144f266e70df6c,1,0.0,5.0,2.0,Volume faible — Performant
2c54051840f19eca309a5423cf22df36,2,0.0,4.5,5.0,Volume faible — Performant
2c9005d8043aff18b8557ffb7b13cda4,1,0.0,5.0,2.0,Volume faible — Performant
2c9e548be18521d1c43cde1c582c6de8,124,0.16,3.95,1.54,Volume élevé — Non performant
2cb4700db635baa1c0d4f90ed27b6669,2,0.0,2.0,13.0,Volume faible — Performant
2cb6eb1b7185064167657fa09f541105,6,0.0,4.43,2.43,Volume faible — Performant
2cb98e27ce1c18abdb42209b34c382a7,1,0.0,4.0,1.0,Volume faible — Performant
2d20f1cd18725c91147da0791d498022,1,0.0,5.0,1.0,Volume faible — Performant
2d22fc3089eb907b29ebff50581fb472,3,0.0,3.67,0.0,Volume faible — Performant
2d2322d842118867781fc737e96d59a1,8,0.1,4.9,1.6,Volume faible — Performant
2d2c62bef4c8ba0dd74e0e228e808539,16,0.12,4.12,1.06,Volume faible — Non performant
2d34636518ba88f5349b732fcf8ba2e4,1,0.0,5.0,1.0,Volume faible — Performant
2d378dbb39815785238c0139c7647fb7,2,0.0,5.0,5.5,Volume faible — Performant
2d42ebcda99fd55f6f4bc2f1ca035d50,10,0.0,4.0,1.0,Volume faible — Performant
2d50d6282f8aa2257819a77bfaa0efe0,42,0.09,3.74,2.77,Volume faible — Performant
2d518637f53161b973e01f56ea4bb88e,13,0.0,4.92,3.38,Volume faible — Performant
2d8cfba3fcd3170555941605edaa196a,1,0.0,5.0,0.0,Volume faible — Performant
2d9e8987a2ea5cf88dce330249043ff1,2,0.0,4.5,1.0,Volume faible — Performant
2dcf93836ae3ce0d7c93e2f10876467a,9,0.17,4.17,1.42,Volume faible — Non performant
2dd1fb6f0e42a2243b8a01e40cd41216,3,0.0,3.0,1.0,Volume faible — Performant
2dee2ce60de9709b1a24083217181a1f,54,0.04,4.36,1.65,Volume élevé — Performant
2e0dba2da448400b1c11d7b4b22f32a4,7,0.0,3.77,2.08,Volume faible — Performant
2e13c71026e1a39ba5cc1b86dcb679aa,24,0.04,4.25,2.64,Volume faible — Performant
2e1a7d075abe038c1b2743005fe42ff1,18,0.27,3.82,2.91,Volume faible — Non performant
2e1c9f22be269ef4643f826c9e650a52,161,0.06,4.23,1.68,Volume élevé — Performant
2e2f44824ab87a0cb961f68bf4073e7f,1,0.0,2.0,8.0,Volume faible — Performant
2e3be8a987a30d7544dbbda6861cc14e,14,0.07,3.6,2.93,Volume faible — Performant
2e7ea2aafec5835e781b21d6d1faf1f1,7,0.14,4.5,2.0,Volume faible — Non performant
2e90cb1677d35cfe24eef47d441b7c87,127,0.12,4.04,1.76,Volume élevé — Non performant
2ea0861cc19e94cad86438c984c52da4,6,0.0,3.33,1.5,Volume faible — Performant
2eb70248d66e0e3ef83659f71b244378,187,0.12,2.81,10.42,Volume élevé — Non performant
2ec6e37d992a95eaddb3369dcbcc76d9,2,0.0,1.5,3.5,Volume faible — Performant
2ee0a0689f2f6a72f35a7cb6033f6e7e,4,0.0,4.0,1.25,Volume faible — Performant
2eeb6531ee027a48d401e72bebdd87d3,3,0.0,4.33,1.67,Volume faible — Performant
2ef086a599b597572aca4433b7ed6b3d,1,0.0,5.0,1.0,Volume faible — Performant
2f09f7d37a97956d11cc1a7cadd5262b,7,0.12,4.12,4.38,Volume faible — Non performant
2f1e7b90e01d9f086cbcb301c0c3d406,1,0.0,5.0,0.0,Volume faible — Performant
2f3d8b4c9e2ee165075331fea3f3095a,1,0.0,5.0,5.0,Volume faible — Performant
2f4b0d3b9634b647d4edee577d7ebb7e,10,0.0,4.91,3.73,Volume faible — Performant
2f4b9d112bfa44a214bc6cef085d17c8,5,0.0,4.33,2.67,Volume faible — Performant
2f73e04d12cdf0c945ded66bb3fcf6c7,3,0.0,3.33,1.67,Volume faible — Performant
2f74af7a0ee5636f12c2336f9fffed47,13,0.0,4.31,3.38,Volume faible — Performant
2f9b7ce230a057a98a9f5df5893ee36c,2,0.0,4.5,4.5,Volume faible — Performant
2fa13c8bd5705d279f7ed5cc9ec61c68,2,0.0,5.0,0.75,Volume faible — Performant
2fb25ab44bdbeae6a4d816e0d0c9d500,5,0.0,4.8,1.8,Volume faible — Performant
2fdde51ad3e12f297da656d4fbd5d0b5,9,0.0,4.78,1.89,Volume faible — Performant
2ff6b7bff164ef05590a52734e1296da,7,0.0,4.71,1.57,Volume faible — Performant
2ff97219cb8622eaf3cd89b7d9c09824,87,0.03,4.55,1.1,Volume élevé — Performant
3076499bbc033a927bf4a8a41bcf7fd4,7,0.0,4.44,2.0,Volume faible — Performant
3078096983cf766a32a06257648502d1,56,0.03,4.3,1.56,Volume élevé — Performant
30829ded4523ab9224b93bc49a62c95f,18,0.03,3.58,3.48,Volume faible — Performant
3092c0b297aacfb4bb6e056ebe13b9b8,16,0.0,4.18,3.59,Volume faible — Performant
30a2f535bb48308f991d0b9ad4a8c4bb,71,0.03,4.25,1.21,Volume élevé — Performant
30a81d8cf85fb2ada1b1b094c9583a95,17,0.0,4.85,1.1,Volume faible — Performant
30c7f28fd3a5897b2c82d152bb760c17,6,0.17,1.4,9.83,Volume faible — Non performant
312ba1d77e9c332ef21f9598b7f64cd7,7,0.57,3.14,10.71,Volume faible — Non performant
31344c16881c08a8a72c6d2eb29918c1,42,0.05,4.43,2.62,Volume faible — Performant
31561f325664a8a7aba4c8d0c3a9b3db,36,0.0,4.58,1.45,Volume faible — Performant
318f287a62ab7ac10b703ac37435a231,51,0.11,3.92,3.79,Volume élevé — Non performant
31ae0774c17fabd06ff707cc5bde005f,11,0.09,4.0,1.73,Volume faible — Performant
31be790e64fc99f8ff48ec2bd18a3104,6,0.33,4.33,3.5,Volume faible — Non performant
31da954dc0855f2495c6310f70a2f931,29,0.07,4.23,1.1,Volume faible — Performant
31e60bf8d103ce47932a85f5562deb16,1,0.0,5.0,0.0,Volume faible — Performant
31eec405c9bb71dec8e2629a92e764fa,5,0.0,4.6,1.0,Volume faible — Performant
323ce52b5b81df2cd804b017b7f09aa7,29,0.14,4.43,3.72,Volume faible — Non performant
324583d68897f5ddbaf38f6248322176,2,0.67,1.0,2.33,Volume faible — Non performant
325f3178fb58e2a9778334621eecdbf9,36,0.0,4.46,1.65,Volume faible — Performant
327b89b872c14d1c0be7235ef4871685,3,0.33,2.33,2.67,Volume faible — Non performant
3289d8c3eef4873f91ce0b1343c0dd58,1,0.0,5.0,2.0,Volume faible — Performant
328acb143b4a73aad6bee8e734f5d20d,2,0.0,4.0,2.0,Volume faible — Performant
3296662b1331dea51e744505065ae889,1,0.0,5.0,1.0,Volume faible — Performant
32b8764b4ef628b53608fc34011fcc13,36,0.03,4.24,1.5,Volume faible — Performant
32e5635e63cb374eb63afdd242fb6134,1,0.0,5.0,5.0,Volume faible — Performant
32f1bb9dfa65bc7df5c0d9d95a616be4,4,0.4,3.4,2.6,Volume faible — Non performant
32f83ffe11cd40f7adcf4eef171f52d9,1,0.0,5.0,4.0,Volume faible — Performant
32fdd5d44ecb43dfd6a24b9369eca144,8,0.0,4.38,2.12,Volume faible — Performant
333c4210e76a1aa2ab817b99437e3ff1,2,0.0,5.0,0.0,Volume faible — Performant
3340ef1913fb70d28420f6ceb685c339,32,0.02,4.33,1.69,Volume faible — Performant
334cab711dee080b079fa5779b584783,11,0.0,4.96,0.73,Volume faible — Performant
33576ec5412fb5905d876f12f33bfde6,31,0.03,4.12,7.94,Volume faible — Performant
3361277dc30b7cccdb0c286b24219756,29,0.12,4.21,2.6,Volume faible — Non performant
3364a91ec4d56c98e44174de954b94f6,6,0.0,3.83,1.17,Volume faible — Performant
33a17d60c64393351ebf1ef860f4e0f2,43,0.02,4.62,2.94,Volume faible — Performant
33a6f4b1e7cdc205511e76ba1b6e0186,105,0.02,4.36,1.24,Volume élevé — Performant
33ab10be054370c254ddfcf0a6253422,4,0.0,5.0,1.25,Volume faible — Performant
33ac3e28642ab8bda860a2f693000e78,34,0.0,4.23,2.09,Volume faible — Performant
33c51922b6e3c16b24a8f28e5833c99d,18,0.05,4.28,5.85,Volume faible — Performant
33cbbec1e7e1044aaf11d152172c776f,15,0.0,4.69,0.75,Volume faible — Performant
33cbda8716511e27e556dff9d8418bf2,5,0.0,4.83,1.5,Volume faible — Performant
33d677f27a69b84051204ee4ae76eaca,9,0.0,4.6,3.0,Volume faible — Performant
33dd941c27854f7625b968cc6195a552,5,0.0,4.4,1.4,Volume faible — Performant
33fd411ed63a7c2f9005e3f065d9f85d,1,0.0,4.0,2.0,Volume faible — Performant
34056b8b55c1775a22af2331670a799c,77,0.12,4.04,1.45,Volume élevé — Non performant
340636a908b13bbe0f4fb63fbe1d0c03,3,0.0,5.0,3.67,Volume faible — Performant
343e716476e3748b069f980efbaa294e,17,0.04,4.0,5.0,Volume faible — Performant
3442033154be05bac582e173ef54fd12,1,0.0,5.0,0.0,Volume faible — Performant
344223b2a90784f64136a8a5da012e7f,1,0.0,2.0,5.0,Volume faible — Performant
3442f8959a84dea7ee197c632cb2df15,3,0.33,3.0,4.33,Volume faible — Non performant
34675b28b826facfde119785bf287dc1,1,0.0,4.0,0.0,Volume faible — Performant
3481aa57cd91f9f9d3fa1fa12d9a3bf7,25,0.0,3.88,4.4,Volume faible — Performant
3492e68f37fd1df87f4f2f2ea247f445,8,0.0,3.56,2.0,Volume faible — Performant
34a557286ead8fe75c989e0afcf7d98c,4,0.0,4.75,1.0,Volume faible — Performant
34d1ca11b242c0fee2c834ae8d788566,40,0.0,4.3,1.61,Volume faible — Performant
34f563c82a85b99ae9e6d60db5fc2e28,8,0.0,4.62,2.25,Volume faible — Performant
3504c0cb71d7fa48d967e0e4c94d59d9,53,0.0,4.42,1.3,Volume élevé — Performant
35281d148dcf7134bae913c57db4e6da,1,0.0,5.0,3.0,Volume faible — Performant
353e21e8bf8de2722b4fae1636664b76,4,0.0,2.5,1.75,Volume faible — Performant
35857757f553273b1056c1cabdace7fb,6,0.17,4.0,1.5,Volume faible — Non performant
3586b8580d9c917874e053a1bb37b5ff,36,0.05,4.44,1.98,Volume faible — Performant
35b96509602ec4b7da831b5cd73ff2c2,2,0.0,4.5,1.5,Volume faible — Performant
35ef5aa32949680f627efec3c23e705c,4,0.0,3.2,6.4,Volume faible — Performant
35fb511489d9ee3ee27a76debce9df06,7,0.14,3.57,4.14,Volume faible — Non performant
3606774ec64634822d78dc2db6d37045,1,0.0,5.0,10.0,Volume faible — Performant
365e445f796710c3431557e85caa25db,4,0.0,4.4,0.0,Volume faible — Performant
365e4bce19bda0082c3d15d83fdb8bcd,6,0.0,4.71,1.43,Volume faible — Performant
36890be00bbfc1cdb9a4a38a6af05a69,13,0.15,4.23,2.69,Volume faible — Non performant
36a968b544695394e4e9d7572688598f,148,0.03,3.72,3.61,Volume élevé — Performant
36f98ad67cc981f50ce8aed093d5783c,2,0.0,4.0,0.0,Volume faible — Performant
37303482a42fb700d8d127e70a9cd6c8,1,0.0,5.0,1.0,Volume faible — Performant
373ee4a3a775a733770ca3f790b8b9ac,13,0.09,4.0,6.23,Volume faible — Performant
37515688008a7a40ac93e3b2e4ab203f,227,0.08,4.09,4.65,Volume élevé — Performant
376a891762bbdecbc02b4b6adec3fdda,57,0.03,4.67,1.12,Volume élevé — Performant
376d67b61dce0c990155286e7ae486a4,1,0.0,4.0,1.0,Volume faible — Performant
3771c85bac139d2344864ede5d9341e3,26,0.13,3.57,3.27,Volume faible — Non performant
377bc18334c78dd2f1535ef22a3ad225,1,0.0,5.0,1.0,Volume faible — Performant
3785b653b1b82de85ab47dd139938091,21,0.0,4.75,1.62,Volume faible — Performant
37be5a7c751166fbc5f8ccba4119e043,269,0.03,4.33,2.87,Volume élevé — Performant
37dd29b36c458d82f74a953c40c43645,7,0.12,4.0,5.62,Volume faible — Non performant
38102b031c2a15e54623d711bfc753d3,8,0.0,3.9,7.4,Volume faible — Performant
381c83fdca332ea6afd896da20bf6e4a,46,0.02,4.39,1.78,Volume faible — Performant
382229d1e840115ffe3dbf5ff460e417,45,0.06,4.31,1.1,Volume faible — Performant
385799a1cddbd26dfeb9157356a42282,4,0.0,4.83,2.67,Volume faible — Performant
38874e327ce94d11390b96eb42d61928,6,0.17,4.0,14.17,Volume faible — Non performant
389e45560e33d2d0747f949dcddbc08e,1,0.0,5.0,0.0,Volume faible — Performant
38af8acfd46ac4a7bf754e8ca6736664,5,0.0,4.8,2.2,Volume faible — Performant
38e679b9e0064cd94c6f035707344dae,27,0.04,4.15,2.07,Volume faible — Performant
38e6dada03429a47197d5d584d793b41,7,0.0,3.33,7.75,Volume faible — Performant
38f276ca6e7cc95a6d1bb55ac9e5550f,1,0.0,5.0,1.0,Volume faible — Performant
3903c788ded8dc03b5ebab37a2f3e9a1,5,0.2,4.0,4.6,Volume faible — Non performant
391bbd13b6452244774beff1824006ed,1,1.0,1.0,15.0,Volume faible — Non performant
391fc6631aebcf3004804e51b40bcf1e,521,0.08,3.98,2.98,Volume élevé — Performant
392353362d22cc2c236e1ee81ff19890,5,0.0,4.6,1.4,Volume faible — Performant
392e0502231ae2f8b29994ef6398cd77,17,0.12,4.35,2.53,Volume faible — Non performant
392f7f2c797e4dc077e4311bde2ab8ce,2,0.0,5.0,0.5,Volume faible — Performant
3935fe5fe0f82787a9dcb8deb62be09d,16,0.12,3.94,1.29,Volume faible — Non performant
3968920b9aa752ab98f7d5888c9252f2,8,0.1,4.1,0.8,Volume faible — Performant
3969863bb8af7f72580b3b1ffd3a17b3,12,0.0,4.0,3.92,Volume faible — Performant
397c4d0c005b6f41f90098ac724e28cb,5,0.4,4.4,4.0,Volume faible — Non performant
3985a3c45be355a4c57fde108bfabd1c,7,0.0,4.12,0.75,Volume faible — Performant
3986c0b54f6b748b75e7bd4e092aa3e5,1,0.0,5.0,2.0,Volume faible — Performant
398cb257329ef7af7f1943a8974a3cbc,1,0.0,5.0,3.0,Volume faible — Performant
39a5005f2605cbdb4f9ac14485cabfd1,3,0.0,5.0,2.38,Volume faible — Performant
39c763cca83e654764b7a4a650fb9b7c,11,0.18,3.82,1.73,Volume faible — Non performant
39d54ff918774174706fb065d7f9dc07,22,0.08,3.92,2.25,Volume faible — Performant
39d61be7a92eb77b7da367bd4845bc0e,7,0.0,4.21,4.29,Volume faible — Performant
39f776d2974049026ff531fc42ef2a3e,3,0.0,4.0,8.0,Volume faible — Performant
3a1a1fec38dd360f15fc912e821e169d,15,0.27,3.87,3.13,Volume faible — Non performant
3a3c180dd702a725bd0ba4117689239e,1,0.0,4.0,2.0,Volume faible — Performant
3a3e46d10f74d8a6ca76e2b538f106a0,2,0.0,4.8,2.2,Volume faible — Performant
3a4127e1ba7208ea37044c5092aae170,5,0.0,4.0,2.8,Volume faible — Performant
3a490ba60afa30ece0e7d50cfe74a4f0,8,0.0,4.62,0.88,Volume faible — Performant
3a52d63a8f9daf5a28f3626d7eb9bd28,1,0.0,1.0,1.0,Volume faible — Performant
3a734b715d333a2588a3d54a0c9b8746,15,0.05,4.67,2.52,Volume faible — Performant
3a79f35a2344ede41af21267f61d5ec6,1,0.0,1.0,6.0,Volume faible — Performant
3aa3c89ae3cd482385568be76120f63c,1,0.0,4.0,6.0,Volume faible — Performant
3ab971ce71839580d2ae5b4e40fe8044,35,0.05,3.89,1.68,Volume faible — Performant
3ac588cd562971392504a9e17130c40b,1,0.0,5.0,5.0,Volume faible — Performant
3ade81dab5a172b88e1871c28ae05260,28,0.1,4.24,3.4,Volume faible — Performant
3afc536624bc2e65bddfb5db33cc01f3,6,0.0,3.5,3.0,Volume faible — Performant
3b15288545f8928d3e65a8f949a28291,101,0.07,3.95,2.59,Volume élevé — Performant
3b18f9856c6eb2413eafedb58e9eecd9,1,0.0,5.0,5.0,Volume faible — Performant
3b872fd4747f01cc56206f2934198618,25,0.15,3.89,2.04,Volume faible — Non performant
3bb32fedaa74e4ad20f4ce067733bd31,2,0.0,4.67,1.0,Volume faible — Performant
3bb548e3cb7f70f28e3f11ee9dce0e59,46,0.0,3.98,2.58,Volume faible — Performant
3bdff180c7e1f6551a643b99c265a120,56,0.03,4.18,1.74,Volume élevé — Performant
3be5841cdcc46de4ed3f9116f104b2c5,4,0.0,4.75,2.75,Volume faible — Performant
3be634553519fb6536a03e1358e9fdc7,80,0.06,3.99,1.99,Volume élevé — Performant
3bfba5a77604f6dfae7e6dd7aaf65821,4,0.0,5.0,0.75,Volume faible — Performant
3c010235b7345c92f125d14ee232a76b,15,0.0,4.67,4.8,Volume faible — Performant
3c03b12bab54d8b37d79d914bfdb1aa0,37,0.16,3.88,1.23,Volume faible — Non performant
3c3017960b2dbd72711a61f0400aab8f,9,0.0,3.89,0.78,Volume faible — Performant
3c487ae8f8d7542beff5788e2e0aea83,30,0.03,3.91,2.88,Volume faible — Performant
3c4e0452bff7a2a788179488d3d77032,32,0.03,3.74,1.83,Volume faible — Performant
3c7c4a49ec3c6550809089c6a2ca9370,139,0.06,3.73,1.99,Volume élevé — Performant
3c88ed2e76a2247933a15daa7161eb1c,1,0.0,5.0,4.0,Volume faible — Performant
3ca08eeb8d5595949fed424bd3677742,13,0.0,4.69,1.85,Volume faible — Performant
3cfa1358a6caa965278721344c8d76f2,5,0.0,4.8,2.0,Volume faible — Performant
3d01d1c414c44b5943a09619ff3853cb,4,0.0,4.5,1.25,Volume faible — Performant
3d0cd21d41671c46f82cd11176bf7277,9,0.0,4.73,3.09,Volume faible — Performant
3d2400ac620cffa23ac81bd192f7f555,1,0.0,5.0,3.0,Volume faible — Performant
3d2531eccfbde1d7c8db7a3a12fb267a,10,0.0,4.22,2.4,Volume faible — Performant
3d290fe363c60a77498c1126fd3fb8d3,3,0.0,4.33,3.33,Volume faible — Performant
3d39fbf22a665714baf62fae36029e23,8,0.0,4.75,1.88,Volume faible — Performant
3d3ccf2b2f8134b10dce9dd446f0e075,3,0.33,3.33,2.33,Volume faible — Non performant
3d4824f20035949c710eaf111f869d39,8,0.22,3.78,4.33,Volume faible — Non performant
3d49bfdd1b43a7fe169b3740067acc61,3,0.0,4.67,1.67,Volume faible — Performant
3d4b1ae7539303b5704493798893e82c,6,0.0,4.67,2.0,Volume faible — Performant
3d5d0dc7073a299e31fa718ce1bc00b6,21,0.09,4.27,1.27,Volume faible — Performant
3d621842b2ed28e2b474132480edac3c,8,0.0,4.62,3.62,Volume faible — Performant
3d62f86afa7c73be2628a3be1423f5a0,2,0.0,4.0,3.5,Volume faible — Performant
3d68c634a99a1ba46dbca3967a69c623,2,0.0,5.0,0.5,Volume faible — Performant
3d700782d7818f2c1e0d7a9e9d75fc00,3,0.33,3.67,1.67,Volume faible — Non performant
3d871de0142ce09b7081e2b9d1733cb1,1064,0.05,4.15,2.85,Volume élevé — Performant
3d8fa2f5b647373c8620330c4e077a9f,42,0.02,4.19,2.77,Volume faible — Performant
3da38366e7bd9baf6369071f782ecdf0,1,1.0,1.0,23.0,Volume faible — Non performant
3db66a856d18a9cba7c9241fc5221c50,94,0.1,4.2,5.18,Volume élevé — Performant
3dbbce181edfaa4a597ec858c382d2ec,17,0.05,4.35,3.1,Volume faible — Performant
3dc69bf2c42f0568a5c4791ec3fd3745,1,0.0,3.0,0.0,Volume faible — Performant
3ded4e2d5f135cb103e5949d7263d2dd,1,0.0,5.0,1.0,Volume faible — Performant
3df020b72d3d44b3af9d110fa3940b65,55,0.1,3.95,1.55,Volume élevé — Performant
3dfd3dc96f7f8598eca74e9ac8a2fa31,6,0.17,4.0,2.17,Volume faible — Non performant
3e35a8bb43569389d3cebef0ce820f69,1,0.0,5.0,5.0,Volume faible — Performant
3e46a38ee171c503c3b4a3f23fe3bf0c,1,0.0,5.0,2.0,Volume faible — Performant
3e51f9cbe317bc3a88f2c76583811ee4,1,0.0,5.0,3.0,Volume faible — Performant
3e8bd881d92466e63ba9e3e809cd3c50,8,0.33,4.62,1.22,Volume faible — Non performant
3ea00e1dea2b0659dbaf654735929220,7,0.0,4.86,2.29,Volume faible — Performant
3ea08c48e851106d2f584349daba335f,1,0.0,4.0,4.0,Volume faible — Performant
3ef37b7ca6dd2b80bd8af81a62504996,2,0.0,4.5,7.5,Volume faible — Performant
3f0e48d209018b466fcd3bb4ccfeb520,9,0.0,3.9,1.1,Volume faible — Performant
3f2af2670e104d1bcb54022274daeac5,6,0.14,3.57,3.17,Volume faible — Non performant
3f3486b61f45078d4f31ee5e43d8c5bb,39,0.1,4.33,1.41,Volume faible — Performant
3f8034bfc6b8b4135534975d49f04c63,11,0.0,3.36,1.07,Volume faible — Performant
3f84fefc07dc159b268d4a77d3e8c425,3,0.0,5.0,2.67,Volume faible — Performant
3f995f07c49d0d55a99d5c54957f7d81,43,0.02,4.21,1.21,Volume faible — Performant
3f9be91358837bff69df67edfa3e42e8,7,0.0,4.43,0.71,Volume faible — Performant
3f9c56764fabca627406093dcb3ef0b4,7,0.0,4.71,2.57,Volume faible — Performant
3fac58ce0ad699020c7944d53c41329c,10,0.0,4.56,1.62,Volume faible — Performant
3fadb4cba4c35bce6a7eaf9872d5623a,3,0.0,3.2,2.8,Volume faible — Performant
3faf68a3b0af94b10bac70d86077be49,7,0.0,4.57,9.29,Volume faible — Performant
3fd1e727ba94cfe122d165e176ce7967,35,0.19,3.97,1.89,Volume faible — Non performant
3fe7120d6257285ac6a3ce7cb071ccec,2,0.0,3.5,3.0,Volume faible — Performant
3fefda3299e6dfaea3466ef346a3571a,1,0.0,4.0,3.0,Volume faible — Performant
4003520d80d0bad1d5623f7aa3c63cda,1,0.0,1.0,1.0,Volume faible — Performant
402916f742e5c740cc751493d9cf5053,9,0.0,4.7,0.2,Volume faible — Performant
403aa86912527d730337ffcb0fb096ab,11,0.0,4.0,2.91,Volume faible — Performant
4049512728d969bec69f84088b012416,7,0.0,5.0,2.78,Volume faible — Performant
404e1ba01358af4cd63f679b2c4d1fa1,8,0.0,5.0,1.75,Volume faible — Performant
406740ee611378a662d274c7d8c43c4a,8,0.2,4.1,2.7,Volume faible — Non performant
406822777a0b9eb5c50e442dd4cd3ec5,44,0.11,4.36,1.74,Volume faible — Non performant
4091f77d8c768fc3e81c20761471761d,8,0.25,2.75,1.75,Volume faible — Non performant
40d54b51e962dbe09cabbcfd33298dee,30,0.0,3.9,1.87,Volume faible — Performant
40db9e9aa57f7bb151bcda6b0f9bdbb7,12,0.08,2.36,5.42,Volume faible — Performant
40ec8ab6cdafbcc4f544da38c67da39a,2,0.0,5.0,1.5,Volume faible — Performant
411f3b52d857390502ee4e4d5ceabc2d,21,0.07,4.26,1.23,Volume faible — Performant
4125d9385a25e82d2f72d3a0fd55bc3f,1,0.0,5.0,4.0,Volume faible — Performant
412a4720f3e9431b4afa1476a1acddbe,21,0.05,4.27,1.09,Volume faible — Performant
4170f6a9367e6b5d6401d03ce6d54569,4,0.2,4.2,13.0,Volume faible — Non performant
417a1e6c7321084d2a0ae0d023cfad93,1,0.0,5.0,2.0,Volume faible — Performant
41958cbd3335433c8740300e8cd600d5,1,0.0,5.0,3.0,Volume faible — Performant
41ab63a91b8b264e8c8780368bf1dd5b,12,0.0,4.23,7.62,Volume faible — Performant
41b14765bd56c8ad10971074380f9c0c,8,0.0,4.1,1.1,Volume faible — Performant
41b39e28db005d9731d9d485a83b4c38,187,0.04,4.21,4.06,Volume élevé — Performant
41b86b552e54e3a7009596125aa8b167,10,0.0,4.36,1.55,Volume faible — Performant
41c2bad7229b0c25e6becf179ebf63ff,20,0.0,4.96,1.22,Volume faible — Performant
41c9d3997dd3c072c31139dc5bb5761f,3,0.0,4.33,10.0,Volume faible — Performant
41da412d33e8da4f22baf55cb1bde82c,15,0.0,4.71,1.43,Volume faible — Performant
41e0fa5761c886a630994a55c12087e7,5,0.0,5.0,2.2,Volume faible — Performant
4200ddf1967c5e41e48db62bc6d4b5ac,22,0.02,4.24,1.98,Volume faible — Performant
4221a7df464f1fe2955934e30ff3a5a1,5,0.0,4.8,4.6,Volume faible — Performant
422be4cc81a457fdb46f47edeb968ae5,1,0.0,5.0,7.0,Volume faible — Performant
427165bf50f8ca07efc7bdc2bfcf1688,5,0.6,3.2,0.6,Volume faible — Non performant
42b6488f5b8246d9141712abd4b1b693,2,0.0,4.0,1.0,Volume faible — Performant
42b729f859728f5079499127a9c2ef37,103,0.1,4.36,3.37,Volume élevé — Performant
42bde9fef835393bb8a8849cb6b7f245,34,0.03,4.28,1.64,Volume faible — Performant
42d4b7e70819438f5ada61c965e92d7e,1,0.0,1.0,9.0,Volume faible — Performant
42ef3192a9ff87a22d1867b74b3ee205,23,0.0,4.65,3.65,Volume faible — Performant
42fa4ee7240e9b8eb4576358ec142ba7,22,0.0,4.81,0.73,Volume faible — Performant
42fb44130ac3134cde8e35cf8ec7df25,2,0.0,5.0,0.0,Volume faible — Performant
430315b7bb4b6e4b3c978f9dfa9b0558,19,0.05,4.0,3.75,Volume faible — Performant
4305fe92735c8a43d154ff6dd2b8d927,17,0.0,4.11,2.53,Volume faible — Performant
431050a06a317f2b38168dec3dcd2b46,10,0.0,4.5,2.0,Volume faible — Performant
431af27f296bc6519d890aa5a05fdb11,116,0.14,3.8,4.24,Volume élevé — Non performant
4324dd16853115efb0fd9d0d131ba6f4,12,0.06,4.28,1.83,Volume faible — Performant
432c37c9dfba871172ec162e20118b8c,44,0.15,4.29,4.4,Volume faible — Non performant
432c67955c0acd1fd6b0b5d678766a71,1,0.0,5.0,5.0,Volume faible — Performant
43402bdf22aa2310e8f99e2f94f78628,4,0.0,2.8,9.2,Volume faible — Performant
4342d4b2ba6b161468c63a7e7cfce593,2,0.5,1.0,3.5,Volume faible — Non performant
436bf27f2f18474fc6047702e9f8a866,1,0.0,5.0,5.0,Volume faible — Performant
4371b634e0efc0e22b09b52907d9d469,101,0.06,4.44,1.5,Volume élevé — Performant
43753b27d77860f1654aa72e251a7878,1,0.0,5.0,6.0,Volume faible — Performant
4391ea5c5990502176a1dcda44a2373d,3,0.0,4.8,1.0,Volume faible — Performant
439a47cc365d6e3bd526812ea9de3c29,8,0.0,4.0,0.77,Volume faible — Performant
43a1d4bab73b816e44ef4e4facd9f9b5,1,0.0,4.0,1.0,Volume faible — Performant
43a5d4a57af536fddc96d08be3afdfcb,1,0.0,1.0,12.0,Volume faible — Performant
43b2c864251aa0ce4030c746984e088a,2,0.0,3.0,0.5,Volume faible — Performant
43f8c9950d11ecd03a0304a49e010da6,41,0.05,4.56,1.44,Volume faible — Performant
44073f8b7e41514de3b7815dd0237f4f,142,0.05,3.75,2.77,Volume élevé — Performant
440dd6ab244315c632130ecfb63827b1,91,0.13,3.89,2.53,Volume élevé — Non performant
443d880f15cbd3572885e1d44bf2c478,1,0.0,2.0,5.0,Volume faible — Performant
4450bd8327d471c4a11a83d1445b1b62,1,0.0,5.0,1.0,Volume faible — Performant
446cc09cdbb130904da114e807dbec40,3,0.0,4.67,0.67,Volume faible — Performant
44717f64ec2a457979cf83c429077666,2,0.0,5.0,1.33,Volume faible — Performant
447d377bdb757058acb569025ee18a93,1,0.0,5.0,3.0,Volume faible — Performant
44ed138eca6214d572ce1d813fb0049b,2,0.0,4.67,3.33,Volume faible — Performant
44f091b5abab8018f682fce8124b85e5,3,0.67,3.67,11.0,Volume faible — Non performant
45213867cefbf2cd4c6177e10216a951,14,0.07,3.86,2.36,Volume faible — Performant
4559697a8f7e637227c2eeaed843baff,39,0.08,4.21,2.13,Volume faible — Performant
455befea1bb853c75ccbca94cff26e5c,1,0.0,3.0,5.0,Volume faible — Performant
455c5640e8c5bd1b2ee85c0158f85727,8,0.0,4.5,1.75,Volume faible — Performant
455f46ef09a9e45667e2981df84b5cc2,1,0.0,4.0,8.0,Volume faible — Performant
457fe919b032a3f7dadba6fb92cf7855,9,0.0,4.83,1.17,Volume faible — Performant
458c6fa920810ce2492da71bc26d9eec,2,0.0,2.5,4.5,Volume faible — Performant
458d868c9642f55f18f04e951a3fdde6,2,0.0,5.0,5.5,Volume faible — Performant
45a3d05fb00435e52a28859dd03703b3,1,0.0,5.0,16.0,Volume faible — Performant
45ba18c210d42734ec52c0c1c574e9ee,35,0.05,4.05,1.11,Volume faible — Performant
45c20d94d9171b0bcfab3c955e47d67b,4,0.0,4.5,1.5,Volume faible — Performant
45d33f715e24d15a6ccf5c17b3a23e3c,56,0.05,4.17,3.91,Volume élevé — Performant
461ff5303b6c9c1a4a07f40c5aece516,3,0.0,3.67,1.67,Volume faible — Performant
466222e777149751370e7e98fb623b0c,1,0.0,5.0,0.0,Volume faible — Performant
4677a5437afda5fa7140b927b07be1cc,11,0.09,4.36,3.18,Volume faible — Performant
46dc3b2cc0980fb8ec44634e21d2718e,503,0.06,4.26,2.62,Volume élevé — Performant
46ef1a25845fc051c2998d878354810c,5,0.0,4.4,1.6,Volume faible — Performant
4736e9d642ef4257cd7622516931eb51,16,0.0,4.15,1.55,Volume faible — Performant
47648caee88ccfe951fbb27fbf7b4cbe,3,0.33,3.67,2.33,Volume faible — Non performant
478bfe564db21eeb44386606aa30b650,3,0.0,4.67,4.33,Volume faible — Performant
47efca563408aae19bb7206c2d969ea9,11,0.0,4.36,1.18,Volume faible — Performant
47f55702f598c7c6cc8458b0fbc1c49a,1,0.0,5.0,6.0,Volume faible — Performant
48162d548f5b1b11b9d29d1e01f75a61,66,0.01,3.82,1.39,Volume élevé — Performant
4830e40640734fc1c52cd21127c341d4,204,0.05,4.18,1.49,Volume élevé — Performant
48328ec9a579151d9cc6a86d4a59336c,1,0.0,2.0,2.0,Volume faible — Performant
483ca627d131e18f988349b1655c0acd,1,0.0,5.0,6.0,Volume faible — Performant
48436dade18ac8b2bce089ec2a041202,134,0.07,4.13,3.83,Volume élevé — Performant
485452467ff670447e84a8370c3fc898,3,0.0,4.67,2.0,Volume faible — Performant
4867209cb29b56b92893d7bde3ce8012,1,0.0,4.0,3.0,Volume faible — Performant
4869f7a5dfa277a7dca6462dcf3b52b2,1124,0.11,4.14,2.21,Volume élevé — Non performant
48985c61529077fa4f1e38bcff0f2ed3,7,0.0,4.43,0.57,Volume faible — Performant
48b6c3f4c6a93171da04b75313f2130f,2,0.0,5.0,1.5,Volume faible — Performant
48bad451945f5227341793478d6353ea,3,0.33,4.0,10.33,Volume faible — Non performant
48e5ee06fb2dc74df1c711a9b6dfac2a,1,0.0,5.0,3.0,Volume faible — Performant
48e954b2da4f6a750c844173b347ed40,2,0.0,4.17,0.0,Volume faible — Performant
48efc9d94a9834137efd9ea76b065a38,33,0.0,5.0,5.15,Volume faible — Performant
48fb026ed7455a42f5d3e9390ed5088e,9,0.0,2.89,1.56,Volume faible — Performant
49067458c68f7701fd334ce326accbe0,17,0.0,3.32,4.38,Volume faible — Performant
4917cee8d902e13428c3ec4b1ca6f315,31,0.03,4.16,7.81,Volume faible — Performant
491a5ada3aa1678414e990262c4bbdc1,1,0.0,5.0,2.0,Volume faible — Performant
49383af7ab774e4e8f3000f49c83dc4b,8,0.0,4.58,2.25,Volume faible — Performant
4965a7002cca77301c82d3f91b82e1a9,1,0.0,5.0,4.0,Volume faible — Performant
497709c2976a8fa308730a2dec5b0726,1,0.0,5.0,3.0,Volume faible — Performant
4978a02ea9c8be7a9b5480680f40334e,18,0.0,3.58,1.53,Volume faible — Performant
499185655c29ecfdbfe776ef7cf875b5,1,0.0,4.0,4.0,Volume faible — Performant
4992e76a42cb3aad7a7047e0d3d7e729,56,0.05,3.88,1.0,Volume élevé — Performant
499ec63c58e51296c9cf57edcfe1c8a8,5,0.0,4.8,0.6,Volume faible — Performant
49cdc90518a4f82676b38b3c1aa43ff6,5,0.0,3.8,1.6,Volume faible — Performant
49e7217cfe4e427191c378ec626d8737,12,0.0,4.15,4.77,Volume faible — Performant
49f8d2ea7b718d0ce587d34207caf2b4,1,0.0,5.0,3.0,Volume faible — Performant
4a1917ef994878940e1fb03eeb787ad7,2,0.0,2.67,2.0,Volume faible — Performant
4a1f694197d05fe70026b016a7316b41,14,0.04,4.39,1.74,Volume faible — Performant
4a23adac87cf538689fa600d976f78b2,3,0.0,4.33,2.33,Volume faible — Performant
4a3ca9315b744ce9f8e9374361493884,1772,0.1,3.83,2.27,Volume élevé — Performant
4a3ccda38b2129705f3fb522db62ca31,64,0.07,3.81,2.74,Volume élevé — Performant
4a5b36211b1f51bf7eaa5c10a57fa483,1,0.0,5.0,0.0,Volume faible — Performant
4a82168aaef173cbb6e46ae88728f919,4,0.0,4.0,1.75,Volume faible — Performant
4a82c4af97ffc0fb2dc26bfdc03b1842,3,0.0,5.0,2.0,Volume faible — Performant
4aba391bc3b88717ce08eb11e44937b2,27,0.14,4.0,2.07,Volume faible — Non performant
4aba6a02a788d3ec81c03137144d9a80,1,0.0,5.0,1.0,Volume faible — Performant
4b0fdb526525f9890eb145bf1534640e,18,0.0,3.95,0.85,Volume faible — Performant
4b1eaadf791bdbbad8c4a35b65236d52,5,0.2,2.6,17.6,Volume faible — Non performant
4b39558c138930b9e5489c93b6df5fe3,4,0.0,4.6,0.8,Volume faible — Performant
4b5f66b7adcf57f1ecc0d3c07dd6b177,23,0.03,4.08,4.16,Volume faible — Performant
4b90495391ac0bd181a80a459df1e718,1,0.0,4.0,8.0,Volume faible — Performant
4b9750c8ad28220fe6702d4ecb7c898f,217,0.06,4.35,1.67,Volume élevé — Performant
4b98b0428fc1932cc2514ef9ce2505e6,2,0.5,1.0,1.5,Volume faible — Non performant
4ba52dfeba874da5b9ee7b17c7494f04,11,0.09,4.36,1.91,Volume faible — Performant
4bcec44888b30ba9001234c534716d3f,5,0.0,4.6,0.8,Volume faible — Performant
4bde6149c15cf7e177b36fa060dd6de8,2,0.0,5.0,7.5,Volume faible — Performant
4be6b962d83299498bae2190f95d6566,11,0.08,4.18,0.58,Volume faible — Performant
4be9ae93c4fc0f41713d71a4194ee1b3,1,0.0,5.0,4.0,Volume faible — Performant
4bf2f4ee540798a61f9636d12cd9cc80,29,0.0,4.17,2.0,Volume faible — Performant
4bf658053d453036c70976bccb2c31b2,2,0.0,4.5,13.5,Volume faible — Performant
4bfc7a4a1cf8d4d2121c27422d9e50b5,26,0.02,4.22,2.85,Volume faible — Performant
4c03b9dd4c11ee2cb35c96c49efc9420,48,0.02,4.11,1.56,Volume faible — Performant
4c18691b6037662be2df78a765d98ab5,63,0.06,3.84,1.45,Volume élevé — Performant
4c1c7281388a33dd06daac44f9fadbd1,5,0.0,4.8,1.2,Volume faible — Performant
4c2b230173bb36f9b240f2b8ac11786e,258,0.08,3.76,5.02,Volume élevé — Performant
4c498c7345e89aebad651544829beca0,47,0.11,4.28,2.49,Volume faible — Non performant
4c4d546adf3c3868fe19c9ec6e9ffda9,2,0.0,3.67,2.0,Volume faible — Performant
4c60877808f4318ef1107fbeb8f89afa,2,0.0,4.0,9.0,Volume faible — Performant
4c61e37f664c3c88aff092aa5ac779d7,7,0.25,4.0,2.12,Volume faible — Non performant
4c8545742faaf58fafd5fd14d25d75cf,4,0.0,4.5,0.25,Volume faible — Performant
4c8b8048e33af2bf94f2eb547746a916,19,0.13,3.48,5.26,Volume faible — Non performant
4cc43a222a0f94910728b62b97a8c5f8,1,0.0,3.0,2.0,Volume faible — Performant
4cc4fd4fdd406a85bbdc1f824b731bd7,1,0.0,5.0,2.0,Volume faible — Performant
4ce8b55b4bfa4659184e7becc1fba3f2,2,0.0,3.0,0.5,Volume faible — Performant
4cf490a58259286ada5ba8525ba9e84a,7,0.0,3.43,11.43,Volume faible — Performant
4d0041cdbe51b4617d95c70b19decc74,8,0.0,4.5,1.0,Volume faible — Performant
4d232b78ab7ef10393dc3807d827bc0d,5,0.0,4.4,1.2,Volume faible — Performant
4d600e08ecbe08258c79e536c5a42fee,7,0.0,4.43,5.14,Volume faible — Performant
4d6d651bd7684af3fffabd5f08d12e5a,363,0.04,4.2,3.46,Volume élevé — Performant
4d9fea3499bdc22aa4da4e339365f215,2,0.0,5.0,1.0,Volume faible — Performant
4da0e408c99d2fdc2126dc9fce518060,44,0.0,4.44,1.15,Volume faible — Performant
4dab98ca6cd6d3df586203cefd28a042,1,0.0,5.0,9.0,Volume faible — Performant
4dbd95a08b31ede5c82d3f861cb1ce1a,4,0.0,4.75,3.5,Volume faible — Performant
4dc2e811a1760953cb7c6a590b498943,1,0.0,5.0,0.0,Volume faible — Performant
4dc646b9b9e8e411ef48ba000ea3ac6f,4,0.2,2.4,2.0,Volume faible — Non performant
4ddeb3e828550cddc8d45c8bc36ab2d1,1,0.0,5.0,1.0,Volume faible — Performant
4de6e4ba574aa9dfdc824bc44dc47fdd,14,0.07,4.07,1.07,Volume faible — Performant
4deebb3199eeafb282ae33229144f94b,4,0.4,3.4,7.0,Volume faible — Non performant
4e06067cc08b3f41d837768d392c3ee3,31,0.04,4.17,1.22,Volume faible — Performant
4e0d109ccfba9a1151c103049880c857,2,0.0,3.0,4.5,Volume faible — Performant
4e17c65a516f69d023a2ae78b84f28d6,61,0.09,4.08,6.3,Volume élevé — Performant
4e2627090e6e5b9fabba883a37897683,1,0.0,,2.0,Volume faible — Performant
4e326052e5dbba8adcd512f3450a307e,3,0.0,1.67,3.17,Volume faible — Performant
4e42581f08e8cfc7c090f930bac4552a,1,1.0,1.0,33.0,Volume faible — Non performant
4e480be820e37de1444325ff358c9296,1,0.0,5.0,0.0,Volume faible — Performant
4e5725ba188db8252977a4f0227bd462,21,0.21,3.54,2.92,Volume faible — Non performant
4e6015589b781adaa5ce7f1892d06bb1,3,0.0,3.67,2.0,Volume faible — Performant
4e7c18b98d84e05cbae3ff0ff03846c2,81,0.03,4.16,1.72,Volume élevé — Performant
4e85b538b0dad58852641540686d0e14,4,0.5,3.75,5.25,Volume faible — Non performant
4e8dacf3d38f281ae26c3e0321d92d88,8,0.22,2.89,5.22,Volume faible — Non performant
4e922959ae960d389249c378d1c939f5,412,0.09,3.9,3.35,Volume élevé — Performant
4e92348462c75b6c842b994ce84a0ed4,1,0.0,5.0,6.0,Volume faible — Performant
4ea2f12dbe91deeacd2c1e74f069a6e6,4,0.0,4.83,3.5,Volume faible — Performant
4eb61f060e7dcc1d5a80d806c35cc541,8,0.0,3.88,0.5,Volume faible — Performant
4ebdc7e6cd6102a022dadc49156d4ea8,29,0.03,3.75,4.06,Volume faible — Performant
4eeb99008a0f59d2c7759c59f9a346eb,2,0.0,4.5,1.0,Volume faible — Performant
4ef4c39cf3c24f326434cf0b2e48046a,7,0.12,3.88,2.88,Volume faible — Non performant
4f0d637c1197fd65405ebd755ac9f86b,2,0.0,5.0,2.5,Volume faible — Performant
4f1f1c8666cdb6442f775c4e8caed465,2,0.0,5.0,8.0,Volume faible — Performant
4fae87d32467e18eb46e4a76a0a0b9ce,1,0.0,5.0,2.0,Volume faible — Performant
4fb41dff7c50136976d1a5cf004a42e2,3,0.33,4.0,2.33,Volume faible — Non performant
4fe2f67634d00c021aa01f96b6f2d68e,2,0.0,5.0,2.5,Volume faible — Performant
5011f0d93373a4c5753adf58ca77af8d,11,0.19,3.67,1.71,Volume faible — Non performant
503c1de08ae81a2d86f17951b204db55,22,0.05,4.41,1.09,Volume faible — Performant
5058e8c1e82653974541e83690655b4a,62,0.1,3.08,15.55,Volume élevé — Performant
5075aaa8404020ae6aa8bf4792099b41,10,0.0,4.13,3.67,Volume faible — Performant
50770d25768b0486d89be26afca3108f,6,0.17,4.0,2.33,Volume faible — Non performant
508808d438fe2ff972ed13bb8f4a82e2,9,0.0,4.6,0.6,Volume faible — Performant
50a7e551a7b3f8d37cd6e32d8bfbe5ea,1,0.0,5.0,6.0,Volume faible — Performant
50bf89f1349bc0409a268c3a49678009,1,0.0,5.0,1.0,Volume faible — Performant
50c9975695009e5e6473912e83a6d1da,50,0.1,3.99,2.88,Volume élevé — Performant
51209b446b2073894bdc0face6c73ffc,2,0.0,4.0,0.0,Volume faible — Performant
512d298ac2a96d1931b6bd30aa21f61d,11,0.0,4.25,1.83,Volume faible — Performant
513a54369b6a8a6602fcb0e129c6d78d,2,0.0,4.5,2.0,Volume faible — Performant
5145090ab595c0d0b8557199f5701fbf,4,0.0,4.25,7.0,Volume faible — Performant
5151aea44289d6c6b090ee31c2132508,7,0.0,1.83,6.86,Volume faible — Performant
515d781150feed28a6ac091bb0e3cb8c,6,0.0,4.17,1.33,Volume faible — Performant
5160d23075764e18e07c1f4a87fad743,33,0.0,4.45,2.84,Volume faible — Performant
516e7738bd8f735ac19a010ee5450d8d,74,0.02,4.61,0.99,Volume élevé — Performant
51702dc2a3e106c76dbff722b5bf0726,13,0.0,4.36,3.21,Volume faible — Performant
5194c22ed1f616ec0c0f33c571542879,4,0.0,4.25,3.0,Volume faible — Performant
519a7aa428f18d125a283cf8c014fdd6,3,0.0,4.0,1.33,Volume faible — Performant
51a04a8a6bdcb23deccc82b0b80742cf,1,1.0,1.0,13.0,Volume faible — Non performant
51e0557bc7b86de13e946c60ee91ce39,1,0.0,5.0,2.0,Volume faible — Performant
51e4e89242cbb846c2deff3dc015650e,16,0.0,4.62,1.12,Volume faible — Performant
51ed72984a04e5dd35c2b27e77179038,7,0.14,3.57,2.29,Volume faible — Non performant
51f108f62cb87d61918159902c8f8583,3,0.0,4.33,0.67,Volume faible — Performant
52092ddbd3a58c450a4459bf051b2287,6,0.0,4.33,1.17,Volume faible — Performant
520b493b57809f446cb0a233bb3e25c7,63,0.01,4.38,1.49,Volume élevé — Performant
522620dcb18a6b31cd7bdf73665113a9,172,0.08,3.91,2.2,Volume élevé — Performant
5236605f4d4b0b3e4df85b850393fca0,5,0.2,4.8,3.2,Volume faible — Non performant
52454f90d4c30c016768db02f88c1a74,3,0.0,3.6,6.2,Volume faible — Performant
52562a9f449c3dc3d53f5f5b9ed74903,14,0.0,4.79,2.21,Volume faible — Performant
525e75a6fb1454a2325ab1734bcec221,9,0.0,4.0,0.4,Volume faible — Performant
5275ca25d0358ca73864e0ae41be1320,4,0.0,4.75,2.25,Volume faible — Performant
527801b552d0077ffd170872eb49683b,90,0.1,4.48,1.85,Volume élevé — Performant
52831e5990d0771cb4951d6f12928167,1,0.0,3.0,1.0,Volume faible — Performant
528bcf6680c36dddf07620bd35b33a6f,2,0.5,4.5,4.0,Volume faible — Non performant
528ce32f560edd11add4169f6a5b65be,2,0.0,5.0,3.0,Volume faible — Performant
52956b80ae65fda598f06f6b9943e7a9,3,0.33,4.0,14.0,Volume faible — Non performant
52a50b42accf164f9f019941e5759d9b,4,0.0,4.75,1.0,Volume faible — Performant
52a52b9f656520e99716f5bc40f661c8,7,0.0,4.12,3.5,Volume faible — Performant
52ac6f920b7280e4c6d30dd94de6259b,6,0.0,3.29,3.57,Volume faible — Performant
52b53f7061969fe471d119b6195da864,1,0.0,5.0,2.0,Volume faible — Performant
52bb00821bcdd358a5a5a27e1f6be5a1,2,0.0,4.5,3.5,Volume faible — Performant
52d76513f0c4d97f3b99570e2c94ee31,19,0.04,3.88,1.32,Volume faible — Performant
52f0fe436a347ddad7ed5f9aa4e27eaa,19,0.1,3.48,3.1,Volume faible — Performant
52f6f9f13ba19504c02781132a049e75,1,0.0,3.0,10.0,Volume faible — Performant
52f976b17ea7f2f087f56dcc419328f6,6,0.0,3.67,2.0,Volume faible — Performant
52f9db5cfb423382a2fa5c9e39303202,21,0.0,4.32,1.14,Volume faible — Performant
5305693ffae2d3463377b1f6fe67b15a,1,0.0,5.0,0.0,Volume faible — Performant
53088c75f948b48a7ece173ac17f0c12,3,0.0,5.0,2.33,Volume faible — Performant
530ec6109d11eaaf87999465c6afee01,94,0.01,4.32,1.65,Volume élevé — Performant
53243585a1d6dc2643021fd1853d8905,348,0.03,4.13,3.18,Volume élevé — Performant
53336f97ddbe53e2a617d07b17447b95,1,0.0,5.0,1.0,Volume faible — Performant
533d46c1b06970e99f09523a61df4972,2,0.0,4.5,7.0,Volume faible — Performant
5343d0649eca2a983820bfe93fc4d17e,70,0.09,3.64,1.0,Volume élevé — Performant
534a01cc6df1e034e05c32028a291fa2,5,0.0,4.4,2.4,Volume faible — Performant
535bf14f36346c7f59d87cece104d70c,1,0.0,4.0,2.0,Volume faible — Performant
537eb890efff034a88679788b647c564,158,0.04,4.18,1.19,Volume élevé — Performant
538caafddff204241cecbf3a02e6b3cf,8,0.38,2.75,12.88,Volume faible — Non performant
539ed9e19811677513447759be5eccfc,2,0.0,3.0,1.5,Volume faible — Performant
53b0300ca793f9834cd69c0678d35ee8,5,0.0,5.0,2.0,Volume faible — Performant
53d00c40e32aeb924a84ce72b1af869d,17,0.12,4.35,2.71,Volume faible — Non performant
53e4c6e0f4312d4d2107a8c9cddf45cd,463,0.05,4.08,3.56,Volume élevé — Performant
54065e9aef7e9e9c2dc23b7594db021a,12,0.0,4.33,2.33,Volume faible — Performant
5415337f1863452476d42d9f14a16a61,1,0.0,3.0,2.0,Volume faible — Performant
54219883e72aad869adfb2a54b7bfa0f,5,0.0,3.2,8.0,Volume faible — Performant
542917da124346b47ea1ac79a93ce454,20,0.05,4.15,2.5,Volume faible — Performant
544863df86ed3b78a04e0820d41430ee,1,0.0,5.0,1.0,Volume faible — Performant
54583ab379489add547fe47b628db589,10,0.0,4.8,0.7,Volume faible — Performant
54965bbe3e4f07ae045b90b0b8541f52,73,0.32,3.07,15.58,Volume élevé — Non performant
54a1852d1b8f10312c55e906355666ee,198,0.07,4.37,1.44,Volume élevé — Performant
54aa8463e87776b5612f4bdc4bd5d4de,7,0.0,3.86,1.86,Volume faible — Performant
54c04bdb5ec46762f8f08c7e8f86ed4a,18,0.11,4.32,1.37,Volume faible — Non performant
55029529919c0123526150bd26ca8f20,7,0.0,4.71,3.0,Volume faible — Performant
553a440137d6e0cf776aee0bb83ac9f5,2,0.5,1.0,5.5,Volume faible — Non performant
5563732abe64c3036cb97ad924128dd1,2,0.0,4.67,6.0,Volume faible — Performant
5566627eab3fe93fd6ee08798226101a,5,0.0,4.4,1.6,Volume faible — Performant
556a6409838156ea299c9d1f9e2dde43,4,0.0,3.25,1.25,Volume faible — Performant
557f22c76691849db52d2abccf0015d0,12,0.0,3.33,1.62,Volume faible — Performant
5587130f9850696ed7fafbc91c2cee44,2,0.0,5.0,2.5,Volume faible — Performant
559d56f3b8f0bc2e5a9a62fe2ce2a39f,2,0.5,2.5,5.5,Volume faible — Non performant
55a5b51f93f2b70ea513f5a047b0262a,39,0.02,4.49,2.12,Volume faible — Performant
55bb6fe5bebe5012e2d7d9928e1128ff,15,0.19,3.56,3.5,Volume faible — Non performant
55c26bcb609f480eb7868594245febb5,6,0.0,4.0,1.0,Volume faible — Performant
55c96925041a14097b6a7825554f4ad5,5,0.17,4.67,4.5,Volume faible — Non performant
55d3daac7c404d59e51c2aa2f4dc5a23,21,0.0,3.93,3.18,Volume faible — Performant
55dedd83e501d8248880557d9073cbfd,8,0.0,4.89,1.0,Volume faible — Performant
55f7a3319d80f7fdf078b8f03e6725fe,22,0.05,3.77,1.36,Volume faible — Performant
562f8cfc51f265411f487d07e9c40e7f,13,0.08,4.54,3.54,Volume faible — Performant
562fc2f2c2863ab7e79a9e4388a58a14,255,0.03,4.25,1.52,Volume élevé — Performant
5656537e588803a555b8eb41f07a944b,171,0.06,3.82,1.48,Volume élevé — Performant
5659d77e8d90378e39b960ad5956f64e,2,0.5,2.5,2.5,Volume faible — Non performant
56642bcb79900e777d68e91915cb4267,48,0.16,3.77,2.21,Volume faible — Non performant
5670f4db5b62c43d542e1b2d56b0cf7c,22,0.05,4.41,1.82,Volume faible — Performant
56db5c0782e8f7ddc9343f9576ff6d16,2,0.0,3.0,2.0,Volume faible — Performant
56e361f411e38dcef17cdc2a3d99628b,5,0.1,4.5,2.2,Volume faible — Performant
56f413900b5166ab4d730e9ac0b12cb0,3,0.0,4.67,2.67,Volume faible — Performant
570d4583587a5fe2d47c7be89b91ad27,2,0.0,5.0,1.5,Volume faible — Performant
5721089ba9214e80074f27d5a03fc0eb,5,0.0,5.0,3.0,Volume faible — Performant
5733d806668f8712c24b9abaefbfa642,2,0.0,5.0,2.0,Volume faible — Performant
5741dc2bf5044c34d0698681c5081bed,3,0.0,5.0,3.33,Volume faible — Performant
575df70bde3f9f2b30bf8d2e9910d725,27,0.03,4.12,5.35,Volume faible — Performant
577719699805dd125d5b6fdde5943bba,8,0.12,4.38,4.0,Volume faible — Non performant
578fa3a9cb6b6dceab39231ad59cdaca,3,0.33,3.67,3.33,Volume faible — Non performant
5795aebfe331fbcd02a2c4b679fb7952,6,0.0,3.83,2.83,Volume faible — Performant
579891617139df7d8671d373f0669622,8,0.25,4.5,9.25,Volume faible — Non performant
57a834594e1e9e9219603bfec184eadc,1,0.0,5.0,0.0,Volume faible — Performant
57c764b4a836300be881e2ff86e449f9,28,0.14,4.25,2.1,Volume faible — Non performant
57d2ba47f7a3209aa347532ae75c1165,2,0.0,4.0,5.0,Volume faible — Performant
57df9869a600bd6b7c405f2a862eccfb,5,0.0,4.4,1.6,Volume faible — Performant
57e632711dec9ec14ca7546769483e7e,62,0.0,4.45,1.17,Volume élevé — Performant
57fe6232e67823593374a2281d7a8af8,8,0.0,4.75,1.12,Volume faible — Performant
582d4f8675b945722eda7c0cb61ba4c7,59,0.01,4.11,1.06,Volume élevé — Performant
585175ec331ea177fa47199e39a6170a,1,0.0,5.0,2.0,Volume faible — Performant
586a871d4f1221763fddb6ceefdeb95e,1,1.0,1.0,49.0,Volume faible — Non performant
5882820ef11c4c068eea0677a7a879b4,14,0.0,4.15,6.71,Volume faible — Performant
58c851d1a3c7cd3da329eb59453fed44,2,0.0,5.0,1.5,Volume faible — Performant
58e4b302b54937e55a678c4d15111da4,1,0.0,5.0,4.0,Volume faible — Performant
58f1a6197ed863543e0136bdedb3fce2,44,0.02,4.16,2.62,Volume faible — Performant
59417c56835dd8e2e72f91f809cd4092,18,0.0,4.28,3.78,Volume faible — Performant
594f9aaa48e5bf431f011ddc5669b0d5,37,0.03,4.58,0.55,Volume faible — Performant
5962468f885ea01a1b6a97a218797b0a,6,0.0,4.67,3.33,Volume faible — Performant
596849622429351f47b32e6cae1055ff,13,0.0,4.08,0.54,Volume faible — Performant
5996cddab893a4652a15592fb58ab8db,1,0.0,5.0,1.0,Volume faible — Performant
59b22a78efb79a4797979612b885db36,125,0.11,3.97,1.77,Volume élevé — Non performant
59bbc819b99a733f02f0d6b49d1c253d,2,0.0,5.0,0.5,Volume faible — Performant
59cd88080b93f3c18508673122d26169,10,0.17,4.75,2.17,Volume faible — Non performant
59cea8e446d3834393058e7e0666b6fb,10,0.0,4.6,1.4,Volume faible — Performant
59de1d4c8c057c2a53acd4ca66531af2,1,0.0,5.0,7.0,Volume faible — Performant
59fb871bf6f4522a87ba567b42dafecf,123,0.06,4.26,2.24,Volume élevé — Performant
5a05a16bb50629ee31afab8a6d4c2674,14,0.0,4.0,1.53,Volume faible — Performant
5a32c398a06c345440bf2a683b017ad3,1,0.0,5.0,6.0,Volume faible — Performant
5a413ade68e8f8d93071a7f52a64cb9e,14,0.07,4.64,0.5,Volume faible — Performant
5a4236931428800e9d9cc04af0987118,1,0.0,5.0,1.0,Volume faible — Performant
5a425cc503b39b262a847fd6212bf53b,14,0.07,4.46,0.93,Volume faible — Performant
5a6a02f419701fc8c605af71d4fc57a4,10,0.09,4.82,1.64,Volume faible — Performant
5a8e7d5003a1f221f9e1d6e411de7c23,137,0.04,4.19,1.92,Volume élevé — Performant
5a93f3ab0ef4c84ed5e1b5dbf23978bc,38,0.02,4.81,3.19,Volume faible — Performant
5a9b3bcab695173c820e53934574ae80,1,0.0,5.0,3.0,Volume faible — Performant
5a9c0859cb00fd8aa4db443837f0a700,2,0.0,4.5,2.0,Volume faible — Performant
5ab05b6d86d417796c69ffd6774ec832,10,0.08,3.67,2.58,Volume faible — Performant
5abb8ea023c77787f2c15da891c8d384,13,0.23,3.92,5.77,Volume faible — Non performant
5acd070dd3fe441bbb2ec1f1ede515ee,7,0.38,2.75,1.12,Volume faible — Non performant
5b07547f10dd980738a1a27f685af669,13,0.14,4.5,1.93,Volume faible — Non performant
5b0cc932433fa5184b5b94bfe6bcc256,12,0.24,3.47,5.59,Volume faible — Non performant
5b179e9e8cc7ab6fd113a46ca584da81,34,0.06,3.51,6.03,Volume faible — Performant
5b2e94f2c22b39ccc24d34ad0f669672,10,0.1,4.9,1.3,Volume faible — Performant
5b33b527da3c5b969cc99dc435cad09a,16,0.06,4.12,0.82,Volume faible — Performant
5b35136197710e16ac5e7b7c2bd4ea85,7,0.33,2.56,2.89,Volume faible — Non performant
5b51032eddd242adc84c38acab88f23d,12,0.0,3.79,2.71,Volume faible — Performant
5b581417df4480f632484ba681e53944,11,0.25,3.5,2.75,Volume faible — Non performant
5b664594895aefb418afaee6d40a9a23,16,0.0,3.64,4.05,Volume faible — Performant
5b67882648febfb6e1225e6ad7164f6b,27,0.03,4.03,1.23,Volume faible — Performant
5b8154610ebb21fb90eb587365e673df,37,0.15,4.18,1.45,Volume faible — Non performant
5b85809efd0d0e4dea1a9544e1280ed9,12,0.0,4.36,0.0,Volume faible — Performant
5b925e1d006e9476d738aa200751b73b,63,0.06,4.6,1.6,Volume élevé — Performant
5b92bfa4120daa27c574daa2e386c693,1,0.0,3.0,9.0,Volume faible — Performant
5b97c06a046398e7005b2b7c0d707a92,3,0.33,4.0,6.67,Volume faible — Non performant
5bba18b40e8c973b0f32e748004775b0,1,0.0,5.0,4.0,Volume faible — Performant
5bc237df65098fe211bb4818f4d26d78,2,0.0,4.5,2.0,Volume faible — Performant
5bc24d989e71e93c33e50a7782431b0e,17,0.0,4.35,0.82,Volume faible — Performant
5bc55dbe2f12b6af6d83ed46023e0dc8,17,0.19,2.33,3.29,Volume faible — Non performant
5bf397d04035b5f45cc41e82ec106803,3,0.0,4.25,0.25,Volume faible — Performant
5bffbafbb22daf6d3bfc216a46db8708,21,0.0,4.7,1.43,Volume faible — Performant
5c030029b5916fed0986310385ec9009,7,0.0,4.9,0.4,Volume faible — Performant
5c243662ce92d84573bfaff24c3e3700,98,0.01,4.13,2.7,Volume élevé — Performant
5c3460cd3e8a984382ae254e7dd20d9f,9,0.0,4.7,0.7,Volume faible — Performant
5c6d4016c2a288f074fa0848a2b653d2,31,0.09,4.21,2.26,Volume faible — Performant
5c853bb56f70f4d14218944bae111d7a,23,0.0,4.04,3.12,Volume faible — Performant
5ca5d579b5857ee8709479b1047cecc3,1,1.0,1.0,12.0,Volume faible — Non performant
5cbbd5a299cab112b7bf23862255e43e,36,0.0,4.32,2.82,Volume faible — Performant
5cf13accae3222c70a9cac40818ae839,148,0.02,4.46,1.3,Volume élevé — Performant
5cf1ec37aea089f45110c70653a166ab,2,0.0,5.0,4.0,Volume faible — Performant
5d0363b33554b373851fc1622e4d5f3c,93,0.09,4.09,3.39,Volume élevé — Performant
5d043cd5512d4bd2f88e5ccdd5736c38,1,0.0,2.0,3.0,Volume faible — Performant
5d378b73ab7dd6f0418d743e5dcb0bd1,6,0.17,3.83,24.5,Volume faible — Non performant
5d3bb11474a06bdc23fb9e89f1164ee0,31,0.03,3.94,1.88,Volume faible — Performant
5d505d2298ad549e4e4e835562fa0c1e,2,0.0,5.0,0.5,Volume faible — Performant
5d76d80a2f5f39c891b996a1bf4c9853,6,0.0,4.83,0.33,Volume faible — Performant
5d9dc90a686a8fddacffab6bab5653a3,12,0.08,4.17,1.58,Volume faible — Performant
5d9f3746e112e696f98ea22c56b3e912,1,0.0,5.0,0.0,Volume faible — Performant
5db42a6cd9bf1bf0d3aab9582767f168,1,0.0,5.0,2.0,Volume faible — Performant
5dc203c7b84a0e71e878a179de05fb9a,5,0.0,4.0,1.0,Volume faible — Performant
5dceca129747e92ff8ef7a997dc4f8ca,322,0.05,4.02,2.0,Volume élevé — Performant
5de1c80811ce7007f62f00d971236c09,2,0.0,5.0,1.0,Volume faible — Performant
5debea795b07621e1f90532e18f96145,25,0.0,4.27,2.15,Volume faible — Performant
5def4c3732941a971cba8fdee992ede1,5,0.0,4.5,0.17,Volume faible — Performant
5e063e85d44b0f5c3e6ec3131103a57e,1,0.0,5.0,0.0,Volume faible — Performant
5e105f5c9f63f5f1fd75d6cb942e55b1,8,0.0,4.5,1.38,Volume faible — Performant
5e106d93b717c2682b9383da480364a1,1,0.0,5.0,3.0,Volume faible — Performant
5e25c632f9db6cfb8bc100421c2737b6,1,0.0,5.0,0.0,Volume faible — Performant
5e49e3a44bdeb5aab2684258bbd4f525,3,0.33,4.67,1.67,Volume faible — Non performant
5e9f5bd34e0830569f05c9d4f56e04a8,2,0.0,4.5,4.0,Volume faible — Performant
5ee7fd217d08dfe5d3e2f51f96a12c9a,9,0.22,3.44,1.78,Volume faible — Non performant
5eeb9c756d9780b96283e5a2ac6da334,9,0.22,4.22,1.0,Volume faible — Non performant
5ef131ac72773e5b3f6c0d63cf424657,10,0.0,3.82,1.64,Volume faible — Performant
5f0057b677eb963672bf05dfa3f16c34,4,0.0,5.0,3.0,Volume faible — Performant
5f06030071324cc52bf0304014ac7234,4,0.0,4.0,2.75,Volume faible — Performant
5f1dc28029d2c244352a68107ec2b542,62,0.03,4.43,3.27,Volume élevé — Performant
5f2684dab12e59f83bef73ae57724e45,67,0.05,3.75,1.75,Volume élevé — Performant
5f26c1408a65b42a7224cd463bdf3292,10,0.0,4.8,0.6,Volume faible — Performant
5f3ae9136c875522250f8184f253413a,42,0.04,4.58,1.11,Volume faible — Performant
5f57db27027655e6c6a391601daa0258,1,0.0,5.0,7.0,Volume faible — Performant
5f5a58930c3c35f3b5af264f34fb8c85,3,0.0,5.0,3.0,Volume faible — Performant
5f5b43b2bffa8656e4bc6efeb13cc649,27,0.03,4.45,1.69,Volume faible — Performant
5f67c6082caacb26e431a7b17940cece,13,0.21,3.57,8.0,Volume faible — Non performant
5f7300535881cef3b625fd683cf7d145,10,0.0,4.45,0.91,Volume faible — Performant
5fd924b4836098a5be0ecf81ba054ce0,7,0.0,4.0,1.25,Volume faible — Performant
602044f2c16190c2c6e45eb35c2e21cb,48,0.2,2.96,1.51,Volume faible — Non performant
6025c79c035c3d772133b8b8238463b2,2,0.0,5.0,0.0,Volume faible — Performant
6039e27294dc75811c0d8a39069f52c0,63,0.22,3.86,6.62,Volume élevé — Non performant
60562ab00b8054280520d390c8c0045c,17,0.0,4.76,2.47,Volume faible — Performant
6061155addc1e54b4cfb51c1c2a32ad8,28,0.03,4.7,1.27,Volume faible — Performant
606ce7768feac12c5e8bd58db8b08f0f,5,0.0,4.8,1.8,Volume faible — Performant
609e1a9a6c2539919b8205cf7c4e6ff0,87,0.02,3.6,1.79,Volume élevé — Performant
60da8bfa7eebe230b7d66ac4082d79b3,3,0.33,4.33,1.67,Volume faible — Non performant
610f72e407cdd7caaa2f8167b0163fd8,16,0.12,3.71,8.59,Volume faible — Non performant
612170e34b97004b3ba37eae81836b4c,107,0.01,4.43,4.25,Volume élevé — Performant
612a743d294c27884fb7b80d2b19ba35,2,0.0,4.33,3.0,Volume faible — Performant
615005a3ef192c00c6f0e977cee3d2bc,10,0.09,3.91,1.73,Volume faible — Performant
615c3462099ffa940d37b17dfda19594,2,0.0,5.0,0.5,Volume faible — Performant
6179a28a13a726c29b3bf54c070dccab,1,0.0,5.0,1.0,Volume faible — Performant
6187a137b2af59dfdbad8d9f8c373c14,2,0.0,3.0,5.0,Volume faible — Performant
61b18775be84fb700a6b2d0ba097bf66,4,0.0,4.6,2.0,Volume faible — Performant
61c36f0fc4a47f9532e5512b66668e62,1,0.0,1.0,3.0,Volume faible — Performant
620c87c171fb2a6dd6e8bb4dec959fc6,722,0.08,4.27,2.24,Volume élevé — Performant
6219ba2359cfb97f2e38fd4c321eb309,5,0.6,4.0,15.2,Volume faible — Non performant
6235903333ba7de1928c869e268e5964,1,0.0,5.0,1.0,Volume faible — Performant
623ad9d0c1e14bb5464a8c72bff7b4af,1,0.0,4.0,2.0,Volume faible — Performant
624f4ece8da4aafb77699233d480f8ef,52,0.07,4.19,3.48,Volume élevé — Performant
626ab1cd96932367f0eeec2e47046c12,3,0.0,4.67,1.33,Volume faible — Performant
62760d278921b5f352461620d68a9cee,3,0.33,3.67,3.33,Volume faible — Non performant
6288c69c4ce638e59925e59193f98b16,20,0.05,4.25,2.75,Volume faible — Performant
62c50c1af4dfdc4149d25c5222043d39,12,0.0,3.47,2.94,Volume faible — Performant
62de60d81c55c29d76a6bce418b31cef,1,0.0,4.0,1.0,Volume faible — Performant
630008e0f062605a415d694489f6f82e,1,0.0,5.0,10.0,Volume faible — Performant
63191ead8d3b2f937cd1996fdcbbad20,1,0.0,5.0,2.0,Volume faible — Performant
63272377184e969942f7fff221be858d,2,0.0,5.0,3.5,Volume faible — Performant
6338ea67c41078a46ad99cc009654956,37,0.0,4.61,3.82,Volume faible — Performant
633ecdf879b94b5337cca303328e4a25,6,0.67,1.8,14.67,Volume faible — Non performant
634964b17796e64304cadf1ad3050fb7,265,0.09,3.87,3.38,Volume élevé — Performant
63704069d9bd3a75c1cf59babe56004a,1,1.0,1.0,7.0,Volume faible — Non performant
638cba8be1fb599bbb76fd6948351eb3,16,0.0,4.73,1.5,Volume faible — Performant
63a79f5a7eb5cb48a7e5787b141c7993,11,0.0,4.55,2.18,Volume faible — Performant
63b464dbf392c7b80d12d932fa7cafed,36,0.05,3.76,5.05,Volume faible — Performant
63b9ae557efed31d1f7687917d248a8d,5,0.0,4.43,2.86,Volume faible — Performant
63ffcb71394dd8ea3872ed9ffda17c74,17,0.06,3.18,2.35,Volume faible — Performant
640e21a7d01df7614a3b4923e990d40c,115,0.04,4.29,0.97,Volume élevé — Performant
6426d21aca402a131fc0a5d0960a3c90,23,0.0,4.17,0.91,Volume faible — Performant
643214e62b870443ccbe55ab29a4dccf,65,0.12,4.41,1.85,Volume élevé — Non performant
643c01d7c56a724bec0454f4780e8a3e,2,0.0,4.5,3.0,Volume faible — Performant
6481e96574816ead57975da2c0f6d80d,32,0.02,4.14,2.14,Volume faible — Performant
64c9a1db4e73e19aaafd3286dc448c96,1,0.0,5.0,3.0,Volume faible — Performant
64cc804291f90c81f02bfc2bb58ff55a,2,0.0,5.0,3.0,Volume faible — Performant
651530bf5c607240ccdd89a30c9c9712,1,0.0,4.0,0.0,Volume faible — Performant
651fe66032c9520ee5587f694908040d,7,0.0,4.0,0.57,Volume faible — Performant
6524b847b982cd56bb5d4b02b776ee42,1,1.0,4.0,7.0,Volume faible — Non performant
6548c2550b6e2d8f18053216e1c7b6f3,3,0.0,5.0,2.8,Volume faible — Performant
655220df33262c7e0c4949a147366f94,13,0.13,4.2,1.0,Volume faible — Non performant
6560211a19b47992c3666cc44a7e94c0,1819,0.05,3.95,1.1,Volume élevé — Performant
6561d6bf844e464b4019442692b40e02,1,0.0,5.0,0.0,Volume faible — Performant
6562efe88ce0826a4ca4f189f03b4b84,8,0.1,3.95,6.95,Volume faible — Performant
656591be56071d4c9ef4e5fee78a578a,7,0.27,4.64,5.55,Volume faible — Non performant
657969cca82e884d272385ec0ef06edd,3,0.0,4.67,2.33,Volume faible — Performant
659e8466eb3ff1b0e8740d74fb7bbedd,11,0.0,4.5,1.29,Volume faible — Performant
65a7c0788e4d632ccb5e1b594b87f0bb,3,0.0,4.11,6.78,Volume faible — Performant
65b081a070633e057c462abdd6fb9dd8,19,0.0,4.35,1.9,Volume faible — Performant
65c255b299faf2d12050937cc219c46c,2,0.0,4.5,3.0,Volume faible — Performant
65febd49fd28ec955651299159b1f527,33,0.0,4.34,0.5,Volume faible — Performant
6601ee6383e7f452be71929f8de48bbb,2,0.0,4.0,5.0,Volume faible — Performant
6614814a00d344b846ae209f95ee7e3f,1,0.0,1.0,3.0,Volume faible — Performant
661ad5fcc28cdfb8bcadb12bb2272475,4,0.0,5.0,2.43,Volume faible — Performant
6624bc09786f0e41ae48dfc5eeb1a9e2,1,0.0,5.0,11.0,Volume faible — Performant
6650fcccd8cd2f7e55ffa524f30c4c59,2,0.0,3.0,4.0,Volume faible — Performant
668bf321538e5072858eaef6087ce027,1,0.0,5.0,3.0,Volume faible — Performant
66922902710d126a0e7d26b0e3805106,150,0.07,4.47,2.7,Volume élevé — Performant
669ae81880e08f269a64487cfb287169,161,0.04,4.15,1.53,Volume élevé — Performant
66dc1b1632bd6a3e508510c5b3492107,36,0.02,3.49,1.9,Volume faible — Performant
66e0557ecc2b4dbea057e93f215f68d8,30,0.2,4.03,17.7,Volume faible — Non performant
66fd84ee7528c0c0de85d0f44a73d5ab,11,0.05,2.9,2.29,Volume faible — Performant
670a9dda115b5a88b18cfadee8de2332,11,0.0,4.45,2.18,Volume faible — Performant
670c26e0f1bf8d0576271d5cfaec6d2b,77,0.05,4.35,1.14,Volume élevé — Performant
671585f5a2af58b6e276bc01003c0d2b,27,0.0,4.7,1.0,Volume faible — Performant
67225bff54a172ff67579aaf583efd78,8,0.0,4.5,3.25,Volume faible — Performant
674207551483fec113276b67b0d871ff,1,0.0,5.0,0.0,Volume faible — Performant
6750d71153f00fc58829af2a8ef1bcf1,6,0.0,4.17,0.33,Volume faible — Performant
67883baaae6134ee81b271a542613728,19,0.05,4.11,0.37,Volume faible — Performant
679769a98cfcc6da877c8486ff1c13f3,21,0.0,4.57,1.14,Volume faible — Performant
67bf6941ba2f1fa1d02c375766bc3e53,15,0.05,4.3,1.35,Volume faible — Performant
6806dad1da97bfb5a9038eac6881f706,10,0.0,4.07,1.93,Volume faible — Performant
681fce914360217db47784ae28905a96,23,0.12,3.87,1.96,Volume faible — Non performant
6824a69c9ea0313eba299dd4a2dba09a,6,0.0,4.71,0.0,Volume faible — Performant
685b870da5b52a710782c9c0fefbeb5b,2,1.0,2.0,8.0,Volume faible — Non performant
6860153b69cc696d5dcfe1cdaaafcf62,74,0.07,4.16,1.43,Volume élevé — Performant
6861de0f40cacb0602e473c51639f980,5,0.12,2.62,3.25,Volume faible — Non performant
686886775c8f6b1191c7b953fb52708c,1,0.0,5.0,1.0,Volume faible — Performant
6879c4d287a8dd06b11f54ea8f78e4da,6,0.0,4.33,0.67,Volume faible — Performant
688756f717c462a206ad854c5027a64a,81,0.04,3.79,4.24,Volume élevé — Performant
68ca56ce86830f3d31b1b7ec6a54da3e,5,0.0,4.0,0.4,Volume faible — Performant
68f86ba270525243e68ae74044f992b9,10,0.0,4.36,1.27,Volume faible — Performant
6902157ee16728322d61a1321fa79e58,2,0.0,3.0,2.5,Volume faible — Performant
693660429f9dc4ff704eb3d88dad54d7,2,0.0,4.0,0.5,Volume faible — Performant
695051e2981c8b19e77cafe450d5bdf3,1,0.0,5.0,4.0,Volume faible — Performant
6973a06f484aacf400ece213dbf3d946,89,0.15,3.64,5.81,Volume élevé — Non performant
698624c6632eeba1774924dbea24c700,1,0.0,5.0,1.0,Volume faible — Performant
6989574bd97d9773f10d232b6c07da59,7,0.0,4.86,2.14,Volume faible — Performant
698f5fa55a5f73d0740e9d9a773e8093,4,0.0,4.83,0.17,Volume faible — Performant
69a43819c758c65a5befb0b471c954d7,2,0.0,4.0,1.67,Volume faible — Performant
69b5eaa096c3f9d1e5c398c597f567d6,2,0.0,5.0,1.5,Volume faible — Performant
6a0cbc8af2e8abd1bdfb777943d174c6,34,0.09,4.03,2.97,Volume faible — Performant
6a3139c7bf09ece22a4713d956acbe5e,1,0.0,5.0,0.0,Volume faible — Performant
6a38087bc8ad4f89ff453561005f6dea,15,0.0,4.41,1.23,Volume faible — Performant
6a51fc556dab5f766ced6fbc860bc613,24,0.06,4.13,6.42,Volume faible — Performant
6a53b90c3ad9e0b56d9fe5c69165fff5,2,0.0,3.5,0.5,Volume faible — Performant
6a8a889bde935bafa76d7848782dfaf9,26,0.07,3.93,1.3,Volume faible — Performant
6a8b085f816a1f75f92dbac6eb545f8f,125,0.08,4.17,1.8,Volume élevé — Performant
6aa3928696eab49a19a466e665a649fd,18,0.05,4.55,1.09,Volume faible — Performant
6b15924333bd1a741595fe981ea04822,21,0.0,4.67,1.19,Volume faible — Performant
6b1c4d4d9ccf0be3d8544eb0e71e5318,1,0.0,5.0,2.0,Volume faible — Performant
6b243f80ed07b10f0e8aa0f21a205f3c,79,0.03,4.02,1.45,Volume élevé — Performant
6b2612338467c08c9b25f0cc55b1578d,1,0.0,4.0,0.0,Volume faible — Performant
6b333a05bf188ef3e1f1662a86bd9855,12,0.08,4.38,1.46,Volume faible — Performant
6b3bd31ad8fcda4b2635ec9f3ff2ecdf,35,0.1,3.93,3.52,Volume faible — Performant
6b536a23086fba0d58c08d68814397f6,18,0.09,4.05,1.45,Volume faible — Performant
6b803197e03abd5056b4313306b4f29d,7,0.0,4.83,0.33,Volume faible — Performant
6b89abe95848c850399130d149a39b63,8,0.0,4.38,2.12,Volume faible — Performant
6b90f847357d8981edd79a1eb1bf0acb,45,0.0,4.36,0.79,Volume faible — Performant
6b9b80d53ba3676eafe60268a810b5a1,9,0.0,4.22,2.33,Volume faible — Performant
6ba4733aa33f6386e9fb0c0fd3993b38,3,0.0,4.67,1.33,Volume faible — Performant
6bb0724edf0b62fb91ac404873a97241,17,0.06,4.5,1.61,Volume faible — Performant
6bb62a4912377c7bfe7cb17b406bc7e6,4,0.0,4.5,1.67,Volume faible — Performant
6bb66d9870c2e01c05655c7ed0e7ee13,3,0.0,3.67,0.33,Volume faible — Performant
6bbcb8924baf70b7fe2fe2097e8cd407,10,0.0,4.55,1.09,Volume faible — Performant
6bcb2352a2a0c38b845f598298ab9d26,1,0.0,5.0,2.0,Volume faible — Performant
6bd503a8230299c9316fb0f726933927,4,0.2,4.6,2.0,Volume faible — Non performant
6bd69102ab48df500790a8cecfc285c2,5,0.2,3.0,7.0,Volume faible — Non performant
6bef34c5be6f2bbd70aa5165f6df94b1,2,0.0,2.0,1.0,Volume faible — Performant
6c12e40690c335dbc2f68a4134d30dc1,16,0.0,4.06,3.0,Volume faible — Performant
6c177e38df6d3f34182b1f1d427231bf,53,0.02,4.15,5.94,Volume élevé — Performant
6c17baf138731a4aaacc3210adf2037b,4,0.0,5.0,0.8,Volume faible — Performant
6c1b6d0c604b776f844125f911eb7377,4,0.0,4.0,9.75,Volume faible — Performant
6c6cc59a5c00cacc5054ca06d65cc282,1,0.0,5.0,2.0,Volume faible — Performant
6c6e3d67f969468f3bfd33f827a31222,5,0.0,4.83,0.33,Volume faible — Performant
6c77cd583b36a13aacccf2b3ee23e233,1,0.0,5.0,0.0,Volume faible — Performant
6c7d50c24b3ccd2fd83b44d8bb34e073,112,0.02,4.44,2.4,Volume élevé — Performant
6c9875b2f94ba781186f0c1aed8d1687,2,0.0,5.0,0.75,Volume faible — Performant
6c99c983ce3b6ba0ab813e6790e81691,9,0.0,3.78,0.33,Volume faible — Performant
6cd68b3ed6d59aaa9fece558ad360c0a,149,0.01,4.45,1.48,Volume élevé — Performant
6cf476a4ca74498db55cbccdaa9dcfb6,5,0.33,3.0,22.33,Volume faible — Non performant
6d04126aba80df143fd038e711b8fd96,1,1.0,1.0,32.0,Volume faible — Non performant
6d1b9c9579132c87d2703ec38c30f2c5,4,0.0,4.5,1.25,Volume faible — Performant
6d22a1fcebb6dd08c9cd90b92a93e8d0,12,0.0,4.31,3.08,Volume faible — Performant
6d2f2e3b539480db1e0842b3a4e32e6e,3,0.0,4.33,3.67,Volume faible — Performant
6d66611d7c44cc30ce351abc49a68421,164,0.06,3.93,3.33,Volume élevé — Performant
6d7f8d9d594e28796b6b3205b00f459c,3,0.0,3.67,5.33,Volume faible — Performant
6d803cb79cc31c41c4c789a75933b3c7,58,0.06,4.27,1.36,Volume élevé — Performant
6d988d6174a2c27441597174f8905515,19,0.09,4.26,11.7,Volume faible — Performant
6da1992f915d77be95d7fa48b36904af,7,0.0,3.67,2.56,Volume faible — Performant
6dc9bec584588412a6a338830946a3e4,1,0.0,2.0,3.0,Volume faible — Performant
6dd7dce75cd55c1ce255dc38d9f0cd46,1,0.0,4.0,0.0,Volume faible — Performant
6ddc28b61be28373b4503a1f61cf98a9,11,0.09,4.18,0.45,Volume faible — Performant
6df688df543f90e9b38f4319e75a9d88,39,0.0,4.51,1.16,Volume faible — Performant
6e0908ef4d4efadbc3cc2b74ea477cb0,8,0.09,4.09,5.18,Volume faible — Performant
6e13dd869aa7185f601c941423abcc8f,5,0.0,4.83,1.83,Volume faible — Performant
6e1862e15f33d9994bc25922a85e1efc,7,0.0,4.67,0.58,Volume faible — Performant
6e386f64c84e482f0b9abf960797ee1b,29,0.07,4.61,0.86,Volume faible — Performant
6e4a902d1054e4e17aa6eab87fac1c75,7,0.12,4.25,2.38,Volume faible — Non performant
6e4f5ff6b086632ba8dcb558fb10249e,5,0.0,3.4,0.6,Volume faible — Performant
6e864f5c4669eff3d98140a07cc50202,13,0.08,4.46,2.62,Volume faible — Performant
6eb94e1466490d327a09abf8f3552a50,9,0.0,4.75,1.56,Volume faible — Performant
6ebf4eceee4dd9847201c82e77ef8123,1,0.0,5.0,1.0,Volume faible — Performant
6ec1a01e866584bb679eb9b098345919,30,0.23,4.24,2.13,Volume faible — Non performant
6edacfd9f9074789dad6d62ba7950b9c,205,0.04,4.38,1.55,Volume élevé — Performant
6ee85be3693ed79a8e80718743d80655,5,0.4,3.2,17.4,Volume faible — Non performant
6eeed17989b0ae47c9f11ece6f38ea90,3,0.0,3.67,1.0,Volume faible — Performant
6f1a1263039c76e68f40a8e536b1da6a,2,0.2,2.6,6.8,Volume faible — Non performant
6f229cc508fc6915ed5c499efd93baa4,13,0.14,4.43,1.57,Volume faible — Non performant
6f835fd4be26989b1b064399da346143,2,0.0,5.0,1.5,Volume faible — Performant
6f83d9e4da896daae20b9b6b2d3ff8d2,11,0.0,4.36,2.82,Volume faible — Performant
6f892e20a171e98efe17fdb971ff319b,41,0.08,3.9,5.04,Volume faible — Performant
6fa9202c10491e472dffd59a3e82b2a3,3,0.0,4.33,1.33,Volume faible — Performant
6fc26fe110feebd80a433e1f012a84f9,35,0.07,4.01,2.62,Volume faible — Performant
6fd52c528dcb38be2eea044946b811f8,67,0.11,3.5,13.63,Volume élevé — Non performant
7008613ea464bad5cb9b83456e1e6a8f,123,0.04,4.29,2.45,Volume élevé — Performant
700f03c207639c22d933381ff60b35c2,4,0.5,4.0,18.75,Volume faible — Non performant
70125af26c2d6d4ef401a1d02ae7701f,5,0.0,4.62,1.12,Volume faible — Performant
70126eecc6aa1274392a1743866e9678,3,0.0,5.0,1.0,Volume faible — Performant
701938c450705b8ae65fc923b70f35c7,74,0.04,3.75,2.6,Volume élevé — Performant
702835e4b785b67a084280efca355756,1,0.0,5.0,0.0,Volume faible — Performant
7040e82f899a04d1b434b795a43b4617,208,0.07,3.59,2.01,Volume élevé — Performant
70849ca4f400aaabb62cb7462a6f1428,12,0.17,4.42,3.33,Volume faible — Non performant
709e16e2b25c7474d980076c6bfc4806,60,0.02,4.53,1.55,Volume élevé — Performant
70a12e78e608ac31179aea7f8422044b,312,0.09,3.79,3.54,Volume élevé — Performant
70b52a4cfc823994561b00bad161b4ed,8,0.0,4.5,9.2,Volume faible — Performant
70bf57d811208f8923b41bbd499a67a4,7,0.0,4.14,1.43,Volume faible — Performant
70c0fda4c313d87115644d39e62eec60,1,0.0,5.0,2.0,Volume faible — Performant
70c27847eca8195c983ed7e798c56743,77,0.07,4.2,4.48,Volume élevé — Performant
70c4eedec9cb4a85cda2f3f9673557b4,1,0.0,5.0,0.0,Volume faible — Performant
70ee69419916dc13e3aed619061f996c,1,0.0,3.0,11.0,Volume faible — Performant
70eea00b476a314817cefde4aad4f89a,106,0.06,4.38,2.0,Volume élevé — Performant
70f7e8018e3d46c748c92f026aa2585a,1,0.0,5.0,0.0,Volume faible — Performant
70f84699be677ec988d1fa824aef7d90,5,0.0,4.6,2.4,Volume faible — Performant
71039d19d4303bf9054d69e9a9236699,35,0.24,3.68,2.0,Volume faible — Non performant
710e3548e02bc1d2831dfc4f1b5b14d4,131,0.04,3.46,3.42,Volume élevé — Performant
71271995e85f5b8530be99ed54a91b89,6,0.17,3.0,6.33,Volume faible — Non performant
712e6ed8aa4aa1fa65dab41fed5737e4,77,0.2,3.46,7.08,Volume élevé — Non performant
712efd3b68f9686dc856b84abd0f21ae,1,0.0,4.0,2.0,Volume faible — Performant
7139dc5186aa238b006e066d8fbab2e4,22,0.12,4.09,3.25,Volume faible — Non performant
713e3a23ca5e47786eb6f0d99f94cfac,4,0.0,4.75,1.5,Volume faible — Performant
7142540dd4c91e2237acb7e911c4eba2,316,0.07,4.06,3.48,Volume élevé — Performant
714b9a1332840f257b49f476bea4e341,6,0.33,3.33,2.5,Volume faible — Non performant
71592660bbcb6a4664e97b6f8b68babc,6,0.0,4.43,0.57,Volume faible — Performant
71593c7413973a1e160057b80d4958f6,2,0.0,3.4,7.2,Volume faible — Performant
715bbd5ba4e6b74cb0d2f29eb45058b0,62,0.08,4.47,1.33,Volume élevé — Performant
7178e1eaa97257d8b6d4b80efd77a025,1,0.0,5.0,1.0,Volume faible — Performant
7178f9f4dd81dcef02f62acdf8151e01,202,0.03,4.05,4.85,Volume élevé — Performant
717b78b0950b51ed00b1471d858b0edc,5,0.2,4.0,4.4,Volume faible — Non performant
718539d38d07dd351c76db862760e2e2,35,0.0,4.49,1.6,Volume faible — Performant
71dc18fd8cbf5fd77f45dd8b427abb34,4,0.0,5.0,2.67,Volume faible — Performant
7202e2ba20579a9bd1acb29e61fe71f6,51,0.04,3.94,1.23,Volume élevé — Performant
720e6cf846ea7572cbb66b743fb91e6c,1,0.0,5.0,4.0,Volume faible — Performant
7210cd29727d674c00741e5e387b3ccd,9,0.31,3.69,0.46,Volume faible — Non performant
72146da5774cabf2632faedcae097a76,4,0.17,4.33,3.83,Volume faible — Non performant
7238a95bb63ef7e498389fb863b834a1,15,0.0,4.73,1.07,Volume faible — Performant
7238f877570096ae403c51898fa64566,3,0.0,5.0,0.33,Volume faible — Performant
723a46b89fd5c3ed78ccdf039e33ac63,1,0.0,4.0,0.0,Volume faible — Performant
723cd880edaacdb998898b67c8f9da30,11,0.08,4.17,2.08,Volume faible — Performant
72431a818f97fe6ab9c81eee3e297e54,1,0.0,5.0,3.0,Volume faible — Performant
725af026f869236a8dd0ceb98564d156,5,0.0,4.4,4.4,Volume faible — Performant
725c32fa80c2faacc4fc88450d27314e,89,0.01,4.54,0.66,Volume élevé — Performant
7299e27ed73d2ad986de7f7c77d919fa,335,0.04,4.43,0.98,Volume élevé — Performant
729b2d09b2a0bdab221076327f13d050,48,0.03,4.58,2.82,Volume faible — Performant
729f06993dac8e860d4f02d7088ca48a,94,0.08,4.33,2.0,Volume élevé — Performant
72bc2cce903c872fe376a8faaa81d237,17,0.0,4.44,3.0,Volume faible — Performant
72c38a04bd6a1c3dbc5298425a0db86d,4,0.0,3.8,0.0,Volume faible — Performant
72c5da29406b4234927b81855e7b64f6,31,0.03,4.13,0.9,Volume faible — Performant
72c73be2b085b9d57650dd53eb2004c9,1,0.0,5.0,0.0,Volume faible — Performant
730937bf88cb151eb2eb849f642fc213,22,0.04,4.42,0.69,Volume faible — Performant
7315baebc0572ff220d226283dc66728,2,0.0,4.0,1.0,Volume faible — Performant
731ef20c231d9a7103a425e83fd91271,2,0.0,3.67,1.33,Volume faible — Performant
734def04b237117a09321dd6d8f3f2a2,2,0.0,5.0,0.5,Volume faible — Performant
7354220fb240bde543b3c40c060d41e7,7,0.0,4.57,3.29,Volume faible — Performant
7357b52d27cbaa90f81a96cbc1279396,12,0.08,4.33,0.92,Volume faible — Performant
739c7d7be81f63812dea0d1b1451c651,2,0.0,4.0,6.0,Volume faible — Performant
73a63f72308aa20a46f4b1632018f196,27,0.0,4.32,2.51,Volume faible — Performant
73b8eb4a9a729d4019b24ed1be748cbf,7,0.0,4.86,0.43,Volume faible — Performant
73da1880b39c71de2b262bc7720c1494,2,0.0,5.0,2.5,Volume faible — Performant
740205fedfe4e90ca6857bc77db0f2b4,1,0.0,5.0,0.0,Volume faible — Performant
7402d13c03a7e91366337cd1de471144,3,0.0,4.33,4.0,Volume faible — Performant
741f8c587cb4248ebc5b779a0e8e0e51,5,0.2,4.0,7.2,Volume faible — Non performant
744dac408745240a2c2528fb1b6028f3,78,0.01,4.55,1.49,Volume élevé — Performant
74636e24f01da9268b0ed88dacd8513e,4,0.25,4.0,0.25,Volume faible — Non performant
747c1cdcd1737dcfbd1547f6eb6f2cf3,2,0.0,2.5,1.5,Volume faible — Performant
747e73c01a4593d4cf60dcf970fd2689,3,0.0,4.33,2.67,Volume faible — Performant
74871d19219c7d518d0090283e03c137,6,0.0,5.0,0.14,Volume faible — Performant
7494d0dcba8551df6cf37f1b905dc2f7,1,0.0,3.0,1.0,Volume faible — Performant
749e7cdabbaf72f16677859e27874ba5,1,0.0,1.0,2.0,Volume faible — Performant
74a9b9bddf14ece02beb81f52c41a88d,2,0.0,3.5,5.5,Volume faible — Performant
74bafed391319577bce6f4d2acc0589a,3,0.0,2.67,0.67,Volume faible — Performant
74c7dec0a384d8a05950e629bd23bde9,4,0.0,4.25,4.5,Volume faible — Performant
750303a20e9c56b2a6bc45cdce0b897d,53,0.04,4.34,1.04,Volume élevé — Performant
751bdc4d83a466c7206cd42e8f426b03,51,0.01,3.71,2.25,Volume élevé — Performant
751e274377499a8503fd6243ad9c56f6,1,0.0,5.0,0.0,Volume faible — Performant
75745ef7bc7d4f3ea3380f6f5303f514,3,0.0,5.0,3.0,Volume faible — Performant
7586919161935337bf6b6d7ff5779648,11,0.11,3.17,3.89,Volume faible — Non performant
75a4764c108403a7a0575140cb22287c,5,0.0,4.78,2.33,Volume faible — Performant
75d34ebb1bd0bd7dde40dd507b8169c3,57,0.12,3.99,4.16,Volume élevé — Non performant
75fbb52eda0cbc24f479d3b2fbfa8d3e,38,0.05,4.49,2.05,Volume faible — Performant
75fdd0a732287f9497b179f6bd445d32,1,0.0,5.0,2.0,Volume faible — Performant
761681a821d8275bc79f552116d06869,3,0.0,5.0,0.67,Volume faible — Performant
762ed976527cddf02787edba70fffa2a,3,0.0,2.25,1.25,Volume faible — Performant
762fafdaa57a532ee0119731697579dd,5,0.0,5.0,1.2,Volume faible — Performant
76623fde66e6b63b59440fd34160512d,3,0.0,4.0,1.67,Volume faible — Performant
7681ef142fd2c19048da7430856b5588,58,0.08,4.16,1.8,Volume élevé — Performant
76833248bbc0e65a0293ec62023e4396,2,0.0,5.0,8.5,Volume faible — Performant
768a86e36ad6aae3d03ee3c6433d61df,17,0.12,4.65,0.94,Volume faible — Non performant
768de2a4fc06aacecb9a586ccc30746a,13,0.0,4.38,1.69,Volume faible — Performant
76c47a299e4a8fe992316a85865acbe9,6,0.2,4.8,1.0,Volume faible — Non performant
76d336555bb25f3165d2f0d6da719c40,1,0.0,3.0,5.0,Volume faible — Performant
76d5af76d0271110f9af36c92573f765,128,0.08,4.1,2.68,Volume élevé — Performant
76d64c4aca3a7baf218bf93ef7fa768d,64,0.03,4.13,1.81,Volume élevé — Performant
76de363de16dacc923eec8daf91df504,2,0.0,2.5,2.0,Volume faible — Performant
76ea5315acb3f5f7ade3cd261faf922a,15,0.07,4.27,1.27,Volume faible — Performant
77128dec4bec4878c37ab7d6169d6f26,1,0.0,5.0,5.0,Volume faible — Performant
7722b1df1b0e383e000397b2c11e3e19,133,0.03,4.22,1.71,Volume élevé — Performant
77530e9772f57a62c906e1c21538ab82,312,0.09,4.08,2.01,Volume élevé — Performant
77714512e8d4dda9c234da8e3faf16e4,4,0.0,4.0,3.5,Volume faible — Performant
777a0c55737f34ffeb78010f7542ab41,6,0.0,4.33,0.17,Volume faible — Performant
778323240ce2830d68aab11794e00bfb,3,0.0,4.33,2.33,Volume faible — Performant
77a515caa36327151d1cc6c32a9f00e1,26,0.12,4.42,1.27,Volume faible — Non performant
77e4abfd739aed9c46480f90f81c0eb4,18,0.0,4.78,2.44,Volume faible — Performant
77fccaae319668a8ab6cd0fd16aec48c,11,0.0,4.33,1.42,Volume faible — Performant
7813ea3ebd9411dc600b4dd01f7a97b9,9,0.11,3.89,2.44,Volume faible — Non performant
7816cd9c5b1238e320545f5bf7eb80e8,1,0.0,4.0,0.0,Volume faible — Performant
781a66c0d89e30814d49fe8b5e14cd07,1,1.0,1.0,14.0,Volume faible — Non performant
782f78b632a43875dd5b53e3e49c9564,1,0.0,5.0,2.0,Volume faible — Performant
784ba75dd9d20200c4caed3d7a77141a,19,0.09,3.82,7.64,Volume faible — Performant
78744a20ee2f80ba64f6804c25def2b8,6,0.17,4.17,3.83,Volume faible — Non performant
78813699ffac347fe27dba345a5f1551,1,0.0,5.0,0.0,Volume faible — Performant
788e857f317e53de488d393e65a80f45,11,0.0,4.91,1.45,Volume faible — Performant
788f22bafdd7ab0e1e79f19db72f16a4,2,0.0,4.5,-0.5,Volume faible — Performant
78a4d36f65a019172c6154468831a69f,7,0.14,4.29,1.86,Volume faible — Non performant
78ba5933c21686d1c2f64669c8c459e7,2,0.0,4.0,1.5,Volume faible — Performant
78c99c6dff4eeae5be99bf635ed21e3f,31,0.08,4.33,2.15,Volume faible — Performant
78ef7e885d17f35e2382a47aae8b8cce,3,0.0,4.67,3.67,Volume faible — Performant
7901646fdd36a55f564ffaf2dbccaaf7,22,0.07,4.44,2.0,Volume faible — Performant
791cfcfe22fe4a771ece27f90017da92,1,1.0,1.0,7.0,Volume faible — Non performant
79565f7d5603b24ddf07ade262547f2f,7,0.29,4.43,0.57,Volume faible — Non performant
7957cac1a02f45d0a4a7e45626382ec2,1,0.0,4.0,19.0,Volume faible — Performant
7963e546f34e098b578f9ad102494601,1,0.0,5.0,2.0,Volume faible — Performant
7994081388d55b9cf976c050653dd359,1,0.0,5.0,4.0,Volume faible — Performant
7994b065a7ffb14e71c6312cf87b9de2,5,0.0,5.0,2.71,Volume faible — Performant
79a679c36c08d606b3fd47ead9de109b,3,0.14,2.71,4.14,Volume faible — Non performant
79b93a308a97792cf53ac75f46da00b5,1,0.0,5.0,3.0,Volume faible — Performant
79ebd9a61bac3eaf882805ed4ecfa12a,133,0.04,4.02,4.99,Volume élevé — Performant
79ed755314cfe6df0daef2c6cd3022cd,23,0.0,4.7,1.04,Volume faible — Performant
7a241947449cc45dbfda4f9d0798d9d0,56,0.06,3.78,3.47,Volume élevé — Performant
7a2d2949aea47fab95fd98d6c9f618b1,11,0.0,4.25,1.33,Volume faible — Performant
7a425d299613df3e613bcf9d2eaf5c49,18,0.06,4.11,0.89,Volume faible — Performant
7a67c85e85bb2ce8582c35f2203ad736,1145,0.05,4.27,1.53,Volume élevé — Performant
7a704e63bb29c446869efde5d57524c8,1,0.0,5.0,1.0,Volume faible — Performant
7a91bf945c6fae0779f1c61ce97fe45c,4,0.25,4.5,6.25,Volume faible — Non performant
7a9c12e235c36247c3c81f50d6ea9cea,5,0.0,4.6,2.4,Volume faible — Performant
7aa4334be125fcdd2ba64b3180029f14,214,0.12,4.08,5.0,Volume élevé — Non performant
7aa538dd6e114e503a2e6154ea352253,5,0.0,4.4,2.4,Volume faible — Performant
7ab0dd5487bab2dc835337b244f689fb,1,0.0,5.0,0.0,Volume faible — Performant
7ad32824caee82087b3e2e5f33b1bf32,147,0.12,3.79,1.24,Volume élevé — Non performant
7ad41305e96a6cab8294cd65891e9a86,2,0.0,5.0,2.0,Volume faible — Performant
7adbd3210a7b3cc2235e225eef33574d,3,0.0,4.67,2.0,Volume faible — Performant
7ade73f1b9b4e965f9009a4c3a7e2c15,26,0.0,4.78,2.15,Volume faible — Performant
7b07b3c7487f0ea825fc6df75abd658b,91,0.04,4.4,1.44,Volume élevé — Performant
7b0df942f46435babab05d49b744b2c4,32,0.09,4.39,1.75,Volume faible — Performant
7b1222c3624aa89b9558b50a2594188c,22,0.14,4.45,4.91,Volume faible — Non performant
7b3447b497e55af8c15fc7bd89d7b81a,1,0.0,5.0,9.0,Volume faible — Performant
7b3f6ce5c6c22e9b96e7581ebf0df6e1,1,0.0,3.0,3.0,Volume faible — Performant
7b7ed56ae755e2880f2b69632e839c1e,5,0.0,4.2,1.2,Volume faible — Performant
7b7f91e98f8c6def45a1407923304402,11,0.07,3.5,4.07,Volume faible — Performant
7b8e8ec35bad4b0ef7e3963650b0a87b,5,0.2,4.8,1.4,Volume faible — Non performant
7b98de631987e26dd6d803490c43a13c,8,0.0,4.62,1.5,Volume faible — Performant
7bac63f6603d382cc8d0832eb6c100a8,19,0.11,4.0,2.21,Volume faible — Non performant
7bb8fac2913a6064ec412e583c6d8b4d,1,0.0,5.0,0.0,Volume faible — Performant
7bcd7c5f8631701474db233ccf1c094b,8,0.0,4.38,4.5,Volume faible — Performant
7c1fea10b5b006671d608b1d7c446ec4,14,0.07,4.0,3.0,Volume faible — Performant
7c4402417d51474d4d0cda9557340e40,1,0.0,5.0,2.0,Volume faible — Performant
7c4618c82226628831613e95e9c22f44,13,0.08,4.08,2.15,Volume faible — Performant
7c462184585ae80bd6e5774c62ce50f2,1,1.0,3.0,14.0,Volume faible — Non performant
7c4adcc13272c0e26fa23aac642adb7b,2,0.5,3.0,2.5,Volume faible — Non performant
7c51de0ab286204ce75ff42bf7c10d92,4,0.0,4.5,0.75,Volume faible — Performant
7c5b05cbdb5542049f38d90d7815b97d,21,0.04,4.57,2.26,Volume faible — Performant
7c67e1448b00f6e969d365cea6b010ab,973,0.09,3.35,11.66,Volume élevé — Performant
7c9130f5f3729edd32aa059141d92484,3,0.0,3.75,2.0,Volume faible — Performant
7caa63f175b1cecbfaadd8b5ab9998c7,1,0.0,1.0,1.0,Volume faible — Performant
7cb946b1ad19faebe28c3e86c2794ec3,1,0.0,5.0,0.0,Volume faible — Performant
7cf4ea70955b00d6b3c22542598e2715,1,0.0,5.0,0.0,Volume faible — Performant
7d13fca15225358621be4086e1eb0964,558,0.11,4.02,3.31,Volume élevé — Non performant
7d294cf9a6a69dc6a0c3e540fff0e039,5,0.0,4.4,1.2,Volume faible — Performant
7d456afc660226829370f3173d14520c,55,0.04,4.26,1.58,Volume élevé — Performant
7d484ca289afaac6bf5fc6a1e96d2226,2,0.0,4.0,2.0,Volume faible — Performant
7d76b645482be4a332374e8223836592,172,0.09,3.97,3.29,Volume élevé — Performant
7d7866a99a8656a42c7ff6352a433410,5,0.0,4.4,0.6,Volume faible — Performant
7d7d2b7a51328016102d4528c411d630,7,0.14,4.14,1.86,Volume faible — Non performant
7d81e74a4755b552267cd5e081563028,1,0.0,4.0,0.0,Volume faible — Performant
7d948535954aaf8c5d39db007f74372e,4,0.0,3.75,2.5,Volume faible — Performant
7daca0837f033a41a6f3428c18657533,7,0.29,3.57,4.71,Volume faible — Non performant
7dc8c42cc750eeafea6c85712ffee9bf,41,0.04,4.26,2.74,Volume faible — Performant
7dc9a3355bae96dd82008b313d3a456c,1,0.0,5.0,7.0,Volume faible — Performant
7ddcbb64b5bc1ef36ca8c151f6ec77df,325,0.08,3.98,2.04,Volume élevé — Performant
7dea6f73af847b42cc3985bd620f994d,2,0.0,4.0,1.5,Volume faible — Performant
7df1fc11cc5cbc518b39faa60cf5d67c,5,0.0,4.2,2.8,Volume faible — Performant
7e1fb0a3ebfb01ffb3a7dae98bf3238d,155,0.12,4.16,1.12,Volume élevé — Non performant
7e26c750b4cb9f6766f58265ff9ebe95,23,0.0,4.41,1.81,Volume faible — Performant
7e3f87d16fb353f408d467e74fbd8014,91,0.06,4.16,1.97,Volume élevé — Performant
7e79d65b5c6f1f544b7daea036acf720,4,0.0,4.5,3.0,Volume faible — Performant
7e93a43ef30c4f03f38b393420bc753a,319,0.05,4.36,2.39,Volume élevé — Performant
7ea5bfa6c340f58f8e71fc1f0412b0d6,96,0.06,4.14,1.85,Volume élevé — Performant
7ecd59e5e20407131822c1a68ac59c1f,24,0.1,4.48,7.55,Volume faible — Performant
7ecef8194babfec876ca720714327841,7,0.0,4.25,1.5,Volume faible — Performant
7f02656561b680def9986c0795a8a080,1,0.0,5.0,7.0,Volume faible — Performant
7f152321c60a266edc53af1925ef96c1,20,0.3,3.8,3.4,Volume faible — Non performant
7f2617c58d5d06806987308b45654351,22,0.09,3.87,1.83,Volume faible — Performant
7f35f9daf223da737b78738fbae4d977,5,0.0,4.0,0.4,Volume faible — Performant
7f40d06aa0b5f1aa4f41af8c0480e2ef,6,0.0,4.83,0.33,Volume faible — Performant
7f5e4d5efad7e44b91115dd1decb65f3,3,0.0,5.0,0.78,Volume faible — Performant
7f7b8245c336066a1f9933c359f11d77,38,0.02,4.56,2.74,Volume faible — Performant
7fc87cc3e89b3d1d5cabdca32f8485aa,14,0.21,3.57,14.93,Volume faible — Non performant
7fdb0720c8d7c9075538b365dc8c3a22,9,0.1,2.4,6.8,Volume faible — Performant
7fe21dd00d2f4943ae09525efa2fd674,2,0.0,5.0,4.5,Volume faible — Performant
7ff588a03c2aeae4fbd23f9ae64b760d,14,0.0,4.69,-0.06,Volume faible — Performant
800214c63934acd05d47e84214db8ba8,3,0.0,5.0,4.33,Volume faible — Performant
804287717b9156fb7a787acd9af4fac1,1,0.0,5.0,5.0,Volume faible — Performant
8060d731897e33b5c5ae575ce1e209e1,5,0.0,4.8,1.0,Volume faible — Performant
808d4348b916efa08e766ebad39f61eb,20,0.05,4.6,2.15,Volume faible — Performant
8090490573c6c0aa343a7231ebcb8c86,26,0.08,4.19,1.04,Volume faible — Performant
809413606dbfe5deefd2db646693ef67,3,0.0,4.2,4.4,Volume faible — Performant
80ceebb4ee9b31afb6c6a916a574a1e2,1,1.0,,8.0,Volume faible — Non performant
80cfd480be3eb6d6267139f5cb793555,1,0.0,4.0,6.0,Volume faible — Performant
80e6699fe29150b372a0c8a1ebf7dcc8,96,0.03,4.35,1.51,Volume élevé — Performant
80f2cf9abf6b5a0e5c612b5eea6646e6,6,0.17,5.0,0.83,Volume faible — Non performant
8132b9bd16876e1b0f8808d43825dd48,1,0.0,5.0,3.0,Volume faible — Performant
813348c996469b40f2e028d5429d3495,172,0.04,4.01,1.59,Volume élevé — Performant
81336a0f57a33776419727a300249e90,15,0.17,3.83,7.72,Volume faible — Non performant
8160255418d5aaa7dbdc9f4c64ebda44,380,0.15,3.85,3.79,Volume élevé — Non performant
817245bcc3badd82bbd222e0366951a6,28,0.02,4.15,0.73,Volume faible — Performant
81783131d2a97c8d44d406a4be81b5d9,8,0.0,4.56,1.89,Volume faible — Performant
817f85dbb65aa3e70831d90fe75cdf89,11,0.0,4.55,14.09,Volume faible — Performant
8185694b58b2ba6de20fd41ae608bbea,8,0.0,4.5,3.25,Volume faible — Performant
818d28f936e791926d33bcb6ee94ef79,4,0.0,4.0,2.5,Volume faible — Performant
81a1104df0f08b59c68aa5b03cfe398e,72,0.04,4.31,1.97,Volume élevé — Performant
81ed90f07c0bacb7594940ba2ef676aa,2,0.0,4.5,7.5,Volume faible — Performant
81f89e42267213cb94da7ddc301651da,46,0.0,3.54,2.25,Volume faible — Performant
820c7c9eaf76d2b226b6c242bcf3f34d,1,0.0,4.0,1.0,Volume faible — Performant
820cc752a266cdc6c1a1e61dd4583330,15,0.07,4.13,5.0,Volume faible — Performant
821fb029fc6e495ca4f08a35d51e53a5,24,0.32,3.5,1.56,Volume faible — Non performant
822166ed1e47908f7cfb49946d03c726,69,0.01,3.92,3.69,Volume élevé — Performant
822b63912576852aea9a8436d72317b7,6,0.0,4.86,13.14,Volume faible — Performant
822bad9bc42b51213ba522fe87b7ab5d,18,0.28,4.11,5.22,Volume faible — Non performant
827f8f69dfa529c561901c4f2e0f332f,91,0.06,4.25,5.1,Volume élevé — Performant
82921991ff5b557b045605b8bbf08d49,1,0.0,5.0,0.0,Volume faible — Performant
82bd0703a4aefd6b599e5bfdaed378fb,20,0.04,3.83,5.22,Volume faible — Performant
82cb9f452fe8334df74b22d37824b431,14,0.0,4.72,1.89,Volume faible — Performant
82e0a475a88cc9595229d8029273f045,41,0.06,3.49,3.28,Volume faible — Performant
830379336fad8c6f3b15a4a3ddb5c66e,2,0.0,4.5,2.0,Volume faible — Performant
83353a83fd769dfafa4f21a72b15e3e5,5,0.2,3.8,3.8,Volume faible — Non performant
834f3294fba9f932f56edc879193f925,66,0.06,4.55,2.64,Volume élevé — Performant
834f8533b2ecb6598dd004ff3de7203a,41,0.18,3.84,7.56,Volume faible — Non performant
835f0f7810c76831d6c7d24c7a646d4d,42,0.27,3.31,8.9,Volume faible — Non performant
83645b1645cdee8953ee54c29ceed564,14,0.0,4.43,0.64,Volume faible — Performant
8378eb36b6b70c5734e83ad7b8cdc3b7,7,0.23,3.77,6.46,Volume faible — Non performant
83a75eea11694e36e56dd0cb2240229a,3,0.0,5.0,1.67,Volume faible — Performant
83b08de96980757220871b31bf6cffca,5,0.14,4.29,3.86,Volume faible — Non performant
83c465a786b06574376909b35ef6752a,3,0.0,5.0,2.0,Volume faible — Performant
83c8aafbefb034674a70de0eac5b8954,2,0.0,5.0,0.5,Volume faible — Performant
83deb69e889cf80f82be1dc6d5f2d486,40,0.05,4.36,4.52,Volume faible — Performant
83e197e95a1bbabc8c75e883ed016c47,46,0.02,4.74,1.48,Volume faible — Performant
83f2b4881141ce3fcd4e985125d3279e,3,0.0,5.0,4.0,Volume faible — Performant
8444e55c1f13cd5c179851e5ca5ebd00,92,0.11,3.16,10.72,Volume élevé — Non performant
845e8036c3f7bf62099352f5ed910240,21,0.0,3.83,1.08,Volume faible — Performant
8476243f92442881ddd5b578975cf115,12,0.08,4.08,4.75,Volume faible — Performant
84c945f15571830c1a91a33978e94009,2,0.0,4.5,3.0,Volume faible — Performant
84deb808079d1be601c209c1e771b1cc,2,0.0,5.0,2.0,Volume faible — Performant
85044848b1b767db2a4a58526adef4b4,4,0.0,3.25,0.75,Volume faible — Performant
850857dfac77488c307e2b1cbd84ab5a,1,0.0,5.0,0.0,Volume faible — Performant
850913d59ce317156b00f3705f1c3edb,29,0.17,3.5,5.13,Volume faible — Non performant
850f4f8af5ea87287ac68de36e29107f,186,0.05,4.29,0.95,Volume élevé — Performant
851773c885feb5e2da3b4f82bc2b17ce,10,0.2,4.2,1.2,Volume faible — Non performant
855668e0971d4dfd7bef1b6a4133b41b,300,0.13,3.83,5.73,Volume élevé — Non performant
8581055ce74af1daba164fdbd55a40de,380,0.08,4.27,2.53,Volume élevé — Performant
85cc55e048b6bcc90c75afe7f0e72f72,9,0.22,4.44,0.89,Volume faible — Non performant
85d9eb9ddc5d00ca9336a2219c97bb13,499,0.02,4.21,6.7,Volume élevé — Performant
85e7c62c1d6ea078c3897424f867a7c8,2,0.0,4.5,3.0,Volume faible — Performant
85ecf03781da592876b7844acc1b729f,2,0.5,4.5,1.5,Volume faible — Non performant
8602a61d680a10a82cceeeda0d99ea3d,17,0.0,4.47,1.37,Volume faible — Performant
8603f0038fe0e52fedd3382d266723de,10,0.0,4.4,12.8,Volume faible — Performant
8629a7efec1aab257e58cda559f03ba7,1,1.0,1.0,25.0,Volume faible — Non performant
8629c241b3622ac12cd4118afdc8d394,13,0.08,4.08,2.62,Volume faible — Performant
863d2ebcd347ce4922de7a0f9a5581d6,17,0.11,4.11,1.22,Volume faible — Non performant
8648b1e89e9b349e32d3741b30ec737e,93,0.09,4.12,0.94,Volume élevé — Performant
866558b3bccef2dbc6d29a2b5995016f,5,0.0,4.67,1.67,Volume faible — Performant
86bb7c4b535e49a541baf3266b1c95b1,16,0.19,3.2,4.0,Volume faible — Non performant
86bf77bdb52e615674772d5817c6212f,4,0.0,4.8,1.0,Volume faible — Performant
86ccac0b835037332a596a33b6949ee1,178,0.02,4.03,2.7,Volume élevé — Performant
86ff3eaef0267069cc891a2ed9d10a17,7,0.0,4.71,1.14,Volume faible — Performant
870d0118f7a9d85960f29ad89d5d989a,45,0.05,4.02,2.23,Volume faible — Performant
87142160b41353c4e5fca2360caf6f92,305,0.04,4.36,2.47,Volume élevé — Performant
8759e7aedd644f487315e5860962f162,3,0.33,3.67,3.67,Volume faible — Non performant
876182d1918783bbe15233febfbd4926,3,0.0,4.0,6.0,Volume faible — Performant
87b4428a334b8f676fd9a7f3bf544fb5,1,0.0,5.0,1.0,Volume faible — Performant
87b740daf17b5d1be335a64164ec6842,11,0.09,3.73,4.0,Volume faible — Performant
87d30a6a0cbf89356e49324971ab1d24,17,0.06,4.35,1.94,Volume faible — Performant
87d3c3aeb3ead335511b3ce315eb341e,15,0.07,3.5,0.8,Volume faible — Performant
87d73636a3acf123e842bb890a4db036,1,0.0,5.0,1.0,Volume faible — Performant
87e24fc7052259b1f7f607d61c10d8be,7,0.14,3.86,7.86,Volume faible — Non performant
87f3e35268860433e13d577825aada95,1,0.0,,46.0,Volume faible — Performant
880ce4951cf857ab1d9e0b75c1d856f4,1,0.0,5.0,3.0,Volume faible — Performant
883dd81e82754ac2c65e9790a7db8c9a,5,0.0,4.4,1.2,Volume faible — Performant
88460e8ebdecbfecb5f9601833981930,246,0.16,3.36,7.73,Volume élevé — Non performant
888faa8bfb0b159c37de6d898b961c31,19,0.0,3.87,0.83,Volume faible — Performant
889009a0ed0bb52c87819941192931b8,1,0.0,4.0,1.0,Volume faible — Performant
88ae906ea2acf6971f26c3e8b7cb4357,3,0.33,3.33,2.67,Volume faible — Non performant
88cd3681e0a2ba85e190f7d817629c4c,1,0.0,4.0,1.0,Volume faible — Performant
88cf19ec1fc2c58f161aee259d57142c,14,0.0,4.5,1.14,Volume faible — Performant
88ef59b51bdaa941d10a853429f2b6ce,2,0.0,2.0,1.0,Volume faible — Performant
891071be6ba827b591264c90c2ae8a63,85,0.13,3.86,3.36,Volume élevé — Non performant
8931a84a914b3fe9b1ddaa4d704947ca,29,0.16,3.77,4.09,Volume faible — Non performant
8936ba0de1073ee888cb3185ae5dc661,1,0.0,5.0,6.0,Volume faible — Performant
897060da8b9a21f655304d50fd935913,304,0.11,3.47,2.88,Volume élevé — Non performant
89757206b887aed36f3e18d858460fea,2,0.0,5.0,0.0,Volume faible — Performant
89a51f50b8095ea78d5768f34c13a76f,10,0.0,4.73,0.91,Volume faible — Performant
89ad3263c0931c47f976d7c5778e60f6,6,0.0,4.17,1.0,Volume faible — Performant
89bc797e2e29667aa035d4368f9b7f92,16,0.16,3.89,8.16,Volume faible — Non performant
89c127985a8b130cfa45c1d36764017a,6,0.0,3.4,4.17,Volume faible — Performant
89d9a386b0b6e5fc8403071b03f7206a,2,0.0,3.4,3.6,Volume faible — Performant
89dda63a3c907c468ec88c310ed91213,1,0.0,5.0,2.0,Volume faible — Performant
89de2d6f23e9746ff309705b23581faa,8,0.0,2.71,-17.88,Volume faible — Performant
89f69225956f951295ca4c7fb1266553,11,0.0,4.33,1.67,Volume faible — Performant
8a130737016f838139d31878787a39c9,56,0.06,4.35,1.85,Volume élevé — Performant
8a1ff5c35f6595a73fef4c7b96e4908a,2,0.0,5.0,4.0,Volume faible — Performant
8a207b6080964f3c1fc9d35bd6096ba4,2,0.33,5.0,2.33,Volume faible — Non performant
8a2d12a90e92f012ce5226fc6592b653,18,0.0,4.59,2.06,Volume faible — Performant
8a32e327fe2c1b3511609d81aaf9f042,126,0.06,3.94,2.05,Volume élevé — Performant
8a40ae794fa3f9892cee24bd5af0488b,6,0.33,3.17,5.33,Volume faible — Non performant
8a43128d7f9a3db592b866e6861a6cce,3,0.0,2.0,0.5,Volume faible — Performant
8a432f4e5b471f8da497d7dc517666e2,95,0.02,4.2,0.78,Volume élevé — Performant
8a87611c08849ffeeccab52aa798b6c7,6,0.0,4.67,5.67,Volume faible — Performant
8a8835a43bda99fd37310ad76c457510,2,0.0,4.33,3.0,Volume faible — Performant
8a9260f2b0340411d6d2a56bcf4f7378,8,0.0,4.78,2.11,Volume faible — Performant
8ab42aa58097fd4668d60cc648225d5f,20,0.0,4.15,3.92,Volume faible — Performant
8ae520247981aa06bc94abddf5f46d34,65,0.0,4.45,0.82,Volume élevé — Performant
8b11118053756a9a2932f447e11fc1b5,1,0.0,3.0,8.0,Volume faible — Performant
8b181ee5518df84f18f4e1a43fe07923,1,0.0,5.0,6.0,Volume faible — Performant
8b2492b7ff4468839593fafeed55bad9,29,0.11,3.89,1.91,Volume faible — Non performant
8b28d096634035667e8263d57ba3368c,139,0.13,3.9,2.61,Volume élevé — Non performant
8b2d4ab22f42c5cfc338b846decfda60,6,0.0,4.78,2.67,Volume faible — Performant
8b321bb669392f5163d04c59e235e066,930,0.09,4.02,1.97,Volume élevé — Performant
8b655f0855926bcb49f5835d38dfddf6,5,0.0,4.8,1.2,Volume faible — Performant
8b87cd0d43d49b9bdf40f56229364d59,2,0.0,5.0,4.0,Volume faible — Performant
8b8cfc8305aa441e4239358c9f6f2485,15,0.13,4.2,2.47,Volume faible — Non performant
8b9d6eec4a7eb7d0f9d579ce0b38324d,48,0.13,4.12,1.67,Volume faible — Non performant
8bb48dc19fccaa8613b6229bf7f452a2,82,0.02,4.34,2.05,Volume élevé — Performant
8bd0e3abda539b9479c4b44a691be1ec,6,0.33,1.75,13.25,Volume faible — Non performant
8bd0f31cf0a614c658f6763bd02dea69,33,0.03,4.21,1.31,Volume faible — Performant
8bdd8e3fd58bafa48af76b2c5fd71974,10,0.1,4.9,0.9,Volume faible — Performant
8c0de775f52fe41590b376a3b7c50f68,8,0.0,4.25,1.25,Volume faible — Performant
8c16d1f32a54d92897cc437244442e1b,108,0.02,4.33,1.52,Volume élevé — Performant
8c351ed7c326c62123318f4f3246e906,2,0.0,5.0,1.0,Volume faible — Performant
8c3b533c63cca56240f94f1e3a6b18ef,3,0.8,1.67,27.8,Volume faible — Non performant
8c5e007d7bd5693fa1386ffefbc99f6c,9,0.0,4.17,1.71,Volume faible — Performant
8c91bfea4263b8fba54081460693e2a1,2,0.0,5.0,6.5,Volume faible — Performant
8c9348f33ae3dada25c99c99ade2af78,2,0.0,5.0,1.5,Volume faible — Performant
8ca1551acf9832a4cf467bbbac15851f,11,0.17,3.67,3.0,Volume faible — Non performant
8ca5b19e0263150d2c57afdde2b3d011,3,0.0,4.75,0.5,Volume faible — Performant
8cb7c5ddf41f4d506eba76e9a4702a25,1,0.0,5.0,7.0,Volume faible — Performant
8cbac7e12637ed9cffa18c7875207478,66,0.05,4.19,2.19,Volume élevé — Performant
8cc6a0e5738e61a87b03c78b2ba9db4b,23,0.08,4.42,1.38,Volume faible — Performant
8ccf3cf69651cc1d8a02c8bfaf3b8568,2,0.5,3.5,2.0,Volume faible — Non performant
8cf21434553b02cbd37c0bbd07e041b0,1,0.0,4.0,3.0,Volume faible — Performant
8d46553a36e68f95350a200c12f8f2e2,9,0.0,4.09,11.82,Volume faible — Performant
8d79c8a04e42d722a75097ce5cbcf2ef,26,0.07,4.59,2.04,Volume faible — Performant
8d899e15a5925f097cca50faa49b15e3,4,0.6,2.5,5.7,Volume faible — Non performant
8d92f3ea807b89465643c219455e7369,3,0.88,1.0,33.75,Volume faible — Non performant
8d956fec2e4337affcb520f56fd8cbfd,210,0.06,4.2,1.32,Volume élevé — Performant
8daab2245ebdc277c51098d01c5ad8ef,16,0.0,4.62,1.5,Volume faible — Performant
8dd386be0767c330276ea6a3f96532d3,1,0.0,5.0,2.0,Volume faible — Performant
8de8fe3af4449ed695d2434c933ed73e,1,0.0,5.0,3.0,Volume faible — Performant
8def3db7f272735afb2ecd03aeca09a7,2,0.0,5.0,0.0,Volume faible — Performant
8dfbc5ff27df12f6cef751d3b9554222,4,0.0,4.5,0.25,Volume faible — Performant
8e29d051f810eb22959ede205b462b9f,2,0.5,4.0,1.0,Volume faible — Non performant
8e2b3afb420011ef0c88c9d5f11ea526,11,0.09,4.27,2.45,Volume faible — Performant
8e34331b7eedd03be4e5d965c1956225,5,0.2,4.8,2.6,Volume faible — Non performant
8e4f041ff58e7845456d3482524014b3,2,0.5,3.0,1.5,Volume faible — Non performant
8e670472e453ba34a379331513d6aab1,1,1.0,1.0,61.0,Volume faible — Non performant
8e6cc767478edae941d9bd9eb778d77a,100,0.06,4.02,5.68,Volume élevé — Performant
8e6d7754bc7e0f22c96d255ebda59eba,84,0.1,2.99,5.29,Volume élevé — Performant
8e8a7ce9f2f970dc00e2acf6f6e199f6,63,0.06,4.0,1.53,Volume élevé — Performant
8ea394aed8138685abe1eb9f25e1021d,2,0.0,4.0,4.0,Volume faible — Performant
8eb88b0acb3f90a717ad659221471fa7,2,0.0,4.5,1.5,Volume faible — Performant
8ec76bb0965af3f007692b26fa9d6623,1,0.0,5.0,3.0,Volume faible — Performant
8ed8ea9a57c862f2c18c2fe41f601d56,19,0.0,4.47,1.47,Volume faible — Performant
8f0fbe2cd4d472157dc1cdef6edecaa9,2,0.0,3.0,2.0,Volume faible — Performant
8f119a0aee85c0c8fc534629734e94fd,75,0.05,4.25,3.1,Volume élevé — Performant
8f2b51a30523cdecddc2f179f351c7d6,7,0.0,3.88,3.38,Volume faible — Performant
8f2ce03f928b567e3d56181ae20ae952,151,0.12,4.12,3.17,Volume élevé — Non performant
8f54d64f28a993550aa7943f12572959,15,0.06,3.81,1.62,Volume faible — Performant
8f580d36c1e9d6fbce95283403c7d447,8,0.12,4.38,1.25,Volume faible — Non performant
8f78f0903005064036736c7173a5c2ed,13,0.0,3.48,7.24,Volume faible — Performant
8fb67a334bacec338885b4e9e1708073,1,0.0,5.0,2.0,Volume faible — Performant
8fb791022c1fc8909664f48ab7dc636d,5,0.0,4.2,0.2,Volume faible — Performant
8fbd63429be6d3e5e6d1a709b6464802,6,0.0,4.62,1.0,Volume faible — Performant
8fbe2ee446b97e128471be4ce983dc0d,3,0.33,3.0,3.0,Volume faible — Non performant
8fd3b4468f6425810648177996c14cbd,1,0.0,5.0,5.0,Volume faible — Performant
8fdca8e349553f99bc738833a62c8802,22,0.03,4.36,1.76,Volume faible — Performant
8fe8786ee000001ab51d030dfd4a7bf1,5,0.0,4.6,2.2,Volume faible — Performant
8fec2e460530482132c436cfb5439925,3,0.6,3.8,2.8,Volume faible — Non performant
8ff1a9df749e454105c55cda13e79143,13,0.0,3.73,4.14,Volume faible — Performant
8ff38bc3969e67c36c48343a07090f66,2,0.0,2.5,7.0,Volume faible — Performant
8fff28c4263ddec387f28d237fb42773,2,0.0,5.0,0.0,Volume faible — Performant
900ba814c251a692506d7834c1218441,86,0.14,4.23,3.53,Volume élevé — Non performant
901b460cdce0c64e471230d7f2f9f3a3,5,0.0,4.4,3.8,Volume faible — Performant
902c99f1ac505c0d18778b61bcd636f7,3,0.0,5.0,1.0,Volume faible — Performant
903037660cf848a717166eb7a06d616e,44,0.12,3.81,2.44,Volume faible — Non performant
90b36c5aeb728d5504a39f435bef0c5f,4,0.0,5.0,3.5,Volume faible — Performant
90b57083da5d803237da74daec6dcb2b,2,0.0,5.0,2.0,Volume faible — Performant
910a922b426b7ff95eaee129ad6c0e1f,2,0.0,5.0,2.5,Volume faible — Performant
913fd0ebba70bb919f7254a02239173c,1,0.0,1.0,1.0,Volume faible — Performant
9140bd1d9de28b197dce077bdd687438,6,0.0,4.12,1.25,Volume faible — Performant
9140ef75cc8211c4035935e80e567204,1,0.0,5.0,1.0,Volume faible — Performant
91543f9849d68d023e17194926598543,4,0.0,4.33,2.67,Volume faible — Performant
916748bc99315c2d202898ae58b1617e,25,0.0,4.34,3.94,Volume faible — Performant
916c9de0b5ad957346eeeb12f332687e,22,0.0,4.37,1.0,Volume faible — Performant
918717417d88a9f9ae9735567e6c7682,4,0.0,5.0,3.75,Volume faible — Performant
918f6fbcf3ab724d805867303e593a1b,2,0.0,4.33,1.0,Volume faible — Performant
9198786624eaeb375793215cad26cfa6,8,0.0,4.11,5.33,Volume faible — Performant
91f0eec23d4a61d7d7caeefa3f0ad1ca,11,0.27,3.55,1.27,Volume faible — Non performant
91f5779a8731baca4809fdeade81803f,6,0.0,3.83,4.67,Volume faible — Performant
91f848e9f4be368f4318775aac733370,60,0.01,4.37,1.11,Volume élevé — Performant
9200e6ce317b67196b6b0bad4d4bd567,1,0.0,3.0,3.0,Volume faible — Performant
921323538c9f1c4e816f2720eac02bea,15,0.18,4.0,1.12,Volume faible — Non performant
9261d76c62caaf0b24677c2ceb7f8f20,6,0.0,3.71,0.71,Volume faible — Performant
929f342384a6607afe143d789ade1316,4,0.0,5.0,0.25,Volume faible — Performant
92c8bc6e8f925792247656fed09aad65,2,0.5,3.0,1.0,Volume faible — Non performant
92d14edfb62ee5ae7fdff70b0f4e7233,8,0.0,2.77,2.38,Volume faible — Performant
92eb0f42c21942b6552362b9b114707d,334,0.04,3.96,5.01,Volume élevé — Performant
9315e491484b1b0081ca166fc164108d,1,0.0,3.0,2.0,Volume faible — Performant
933446e9a59dece7ae9175103820ca8f,1,0.0,5.0,15.0,Volume faible — Performant
934ed5cd1b9c1c7382d0a94a94b9e639,1,0.0,5.0,1.0,Volume faible — Performant
939e6227d6964a11a70aa91243e418f2,4,0.0,4.25,0.75,Volume faible — Performant
939f6e231201f26803cb5c3a3d2940b3,3,0.0,4.75,6.5,Volume faible — Performant
93b9a99027bd8bd6af682aff18dd19bf,19,0.0,4.16,3.6,Volume faible — Performant
93bef6edaa84956e8e575016449b6351,1,0.0,5.0,2.0,Volume faible — Performant
93dc87703c046b603023e75222018b45,33,0.09,4.16,7.97,Volume faible — Performant
94144541854e298c2d976cb893b81343,68,0.04,4.33,4.87,Volume élevé — Performant
941554c5757b73ba0e50aa7732310afc,3,0.0,4.5,1.0,Volume faible — Performant
94165aea8a35c3c21499cbcae239b16c,1,0.0,2.0,1.0,Volume faible — Performant
94231344608e603693b0a8891143f65d,3,0.0,4.0,1.0,Volume faible — Performant
9449f25aeaf531019b76999ea49a6949,9,0.22,4.22,2.56,Volume faible — Non performant
9485a23c0430ba1d58d359391606fce6,4,0.25,3.75,0.0,Volume faible — Non performant
94b9108d4b637ba65bb4f1e53cfcf8d8,7,0.12,4.5,3.88,Volume faible — Non performant
94c49f20a123aeb9360dbf80ff912bf6,3,0.0,3.67,3.33,Volume faible — Performant
94ca168e8bcb407ab85c5da308863027,5,0.0,5.0,1.4,Volume faible — Performant
94d76e96eedd976258cd3278ce56d5f2,1,0.0,5.0,1.0,Volume faible — Performant
94e93ce877be27a515118dbfd2c2be41,29,0.0,4.03,2.56,Volume faible — Performant
951e8cef368f09bb3f3d03c00ca4702c,62,0.06,4.16,1.48,Volume élevé — Performant
9523fb39dd240aa958e040f8183d64f3,1,0.0,1.0,1.0,Volume faible — Performant
9535a841eecebed61a9fb1ac1cbb5597,2,0.0,3.0,1.5,Volume faible — Performant
9539213aa8e023c01937bef95dc006da,9,0.11,4.56,7.22,Volume faible — Non performant
954e95f20808d7e5d11f0de292d078e0,3,0.0,4.75,2.0,Volume faible — Performant
9558aa23f77a9e0a0eca83540999f43b,1,0.0,5.0,14.0,Volume faible — Performant
955fee9216a65b617aa5c0531780ce60,1261,0.06,4.09,1.77,Volume élevé — Performant
9596c870880d900012f2e8e6e30d06d7,21,0.04,4.17,2.35,Volume faible — Performant
9599519be538b98748162a2b48248960,1,0.0,1.0,1.0,Volume faible — Performant
95b293867b5862941c9cd74f756a3c68,9,0.44,3.56,11.78,Volume faible — Non performant
95cca791657aabeff15a07eb152d7841,1,0.0,5.0,1.0,Volume faible — Performant
95e03ca3d4146e4011985981aeb959b9,172,0.03,4.0,1.7,Volume élevé — Performant
95ec4458365c4d11f452ccf538377619,27,0.03,4.27,2.13,Volume faible — Performant
95f83f51203c626648c875dd41874c7f,50,0.03,3.22,3.43,Volume élevé — Performant
960945e1a9535cbc0cd6ddd35fbe7ae8,28,0.0,4.66,1.07,Volume faible — Performant
9616352088dcf83a7c06637f4ebf1c80,91,0.0,4.29,3.22,Volume élevé — Performant
961dff0a659b4561334372337dd897d9,3,0.0,4.67,17.33,Volume faible — Performant
9646c3513289980f17226a2fc4720dbd,69,0.08,4.34,1.86,Volume élevé — Performant
96493fab2fbb13a14d0c0e8772eef5c3,63,0.06,4.03,4.23,Volume élevé — Performant
964ff64dc05b13811c6d0f41e0aa5f6b,1,0.0,5.0,0.0,Volume faible — Performant
966cb4760537b1404caedd472cc610a5,67,0.03,4.13,1.7,Volume élevé — Performant
9674754b5a0cb32b638cec001178f799,84,0.02,4.05,1.53,Volume élevé — Performant
96804ea39d96eb908e7c3afdb671bb9e,37,0.03,3.97,2.59,Volume faible — Performant
968268a686aa05d1f529fb07dff08130,12,0.0,3.5,1.5,Volume faible — Performant
968ee78631915a63fef426d6733d7422,2,0.0,3.0,8.0,Volume faible — Performant
96e5dc09087bad639b4ee193104ec2e5,2,0.0,4.5,0.5,Volume faible — Performant
96f7c797de9ca20efbe14545bed63eec,1,0.0,1.0,0.0,Volume faible — Performant
972d0f9cf61b499a4812cf0bfa3ad3c4,81,0.12,2.96,4.53,Volume élevé — Non performant
973f21788dfab357250f69a8dcb7ddee,9,0.37,2.47,10.84,Volume faible — Non performant
974cf2cb8f4b7add98709c30df02fe10,30,0.03,4.17,0.53,Volume faible — Performant
97512d3fc193b2d1dfcdba0f9d1f0f8a,12,0.08,4.31,2.77,Volume faible — Performant
977f9f63dd360c2a32ece2f93ad6d306,23,0.08,3.92,2.67,Volume faible — Performant
979e9f8b5b39dd243a2550c8b05aecf0,3,0.0,5.0,3.0,Volume faible — Performant
97e4a63591ca439a2b8b7efd20e6e19e,5,0.0,4.4,2.0,Volume faible — Performant
97e50a621f8e801f4baf69e08687c192,1,0.0,5.0,6.0,Volume faible — Performant
97e995629983723d11830a829bc2b246,5,0.0,4.8,4.2,Volume faible — Performant
9803a40e82e45418ab7fb84091af5231,11,0.0,3.11,2.33,Volume faible — Performant
980640c45d7a4635885491d077167e4d,14,0.07,4.64,1.79,Volume faible — Performant
98115075dd26cb8835946fc6086f5d30,4,0.0,4.75,1.0,Volume faible — Performant
984c273121e743dd14767befe6cb17f5,1,1.0,1.0,2.0,Volume faible — Non performant
9853a239ab7b7ebbdc3a21248d5b8e1f,4,0.25,3.75,5.25,Volume faible — Non performant
985c92cc412091f8529c12d7f23d3fef,12,0.0,4.75,1.17,Volume faible — Performant
989becdce12ebc39863c2bceab6f3ca1,15,0.07,4.8,2.47,Volume faible — Performant
98dac6635aee4995d501a3972e047414,89,0.03,3.89,3.07,Volume élevé — Performant
98dddbc4601dd4443ca174359b237166,2,0.0,5.0,2.5,Volume faible — Performant
98e164d549402270247f3c96a1a158ef,2,0.0,2.5,4.0,Volume faible — Performant
98f52e1020fe788c10c0418de4393fec,1,0.0,4.0,2.0,Volume faible — Performant
99002261c568a84cce14d43fcffb43ea,36,0.06,3.72,5.75,Volume faible — Performant
9906e7aa42a3c067b7c9a564d01c4320,12,0.12,4.06,1.0,Volume faible — Non performant
994f04b3718c2bab35c2adfa8afecd2a,47,0.05,4.33,3.44,Volume faible — Performant
9996ae921c50e8dff411ac69c0b4bb8b,2,0.0,2.33,5.33,Volume faible — Performant
999f6d9a1c7c81f43be44c6b7d076210,2,0.0,4.5,2.0,Volume faible — Performant
99a25c39b28a74d1151c35c18d178292,1,0.0,5.0,1.0,Volume faible — Performant
99a54764c341d5dc80b4a8fac4eba3fb,44,0.17,3.51,1.33,Volume faible — Non performant
99cd94252748d2bdde08e17858233602,2,0.0,4.5,-0.5,Volume faible — Performant
99eaacc9e6046db1c82b163c5f84869f,63,0.1,4.01,3.25,Volume élevé — Performant
9a03a4e9eb0b947652fae4f6121a3f5e,7,0.0,3.86,3.0,Volume faible — Performant
9a1aea68d3efa00862ec88c0768037d0,7,0.0,4.38,2.75,Volume faible — Performant
9a84ba99f5367fdbd4598363496f1ea2,15,0.0,3.8,0.8,Volume faible — Performant
9aa388272ee334b6ae07bc73706e254a,6,0.0,3.86,1.0,Volume faible — Performant
9ac4f14370b1e24ddc58be041b7f99df,5,0.0,4.4,1.4,Volume faible — Performant
9ac75591b69c3402684b6ce0310f22ee,1,0.0,5.0,1.0,Volume faible — Performant
9add47bf45ce8e8c7db6b9cf670b1e09,41,0.02,4.26,2.7,Volume faible — Performant
9b00cad94ef3078faf6fba2e792c158f,1,0.0,5.0,0.0,Volume faible — Performant
9b00ed88b7fdb95d6ff76e27c1b52d16,46,0.06,4.58,1.88,Volume faible — Performant
9b013e03b2ab786505a1d3b5c0756754,170,0.03,4.06,1.97,Volume élevé — Performant
9b1585752613ec342d03bbab9997ec48,3,0.0,3.67,1.67,Volume faible — Performant
9b1ab052f5fca308ba743ac789ebb2e1,2,0.0,4.0,2.5,Volume faible — Performant
9b1f656ca3060f8af17a50d8a024b533,2,0.5,5.0,0.5,Volume faible — Non performant
9b522ba7eae9e1d04082f267144583cc,3,0.2,4.8,24.6,Volume faible — Non performant
9b76ad3d04236f76bc71c59470305e13,2,0.0,5.0,0.33,Volume faible — Performant
9bade61a92bed55a25d2b67b9f4ed739,2,0.0,2.33,4.67,Volume faible — Performant
9baf5cb77970f539089d09a38bcec5c3,31,0.0,4.44,7.66,Volume faible — Performant
9bc484c87d79cd4874e05ca182658045,8,0.12,4.25,1.75,Volume faible — Non performant
9bcdfa7b615b3abb9461d9e3ad9886ae,14,0.05,4.6,2.25,Volume faible — Performant
9bf11dfc0bec77e5a23028043c3c5a8f,1,1.0,1.0,2.0,Volume faible — Non performant
9c068d10aca38e85c50202e17b4a7e88,17,0.18,4.12,5.24,Volume faible — Non performant
9c0e69c7bf2619675bbadf47b43f655a,151,0.08,4.12,4.96,Volume élevé — Performant
9c1c0c36cd23c20897e473901a8fb149,6,0.0,5.0,1.43,Volume faible — Performant
9c3a1c416c765687bc79a04113269929,1,0.0,1.0,3.0,Volume faible — Performant
9c3c24eca51c52b91c1de727d2a2ae06,6,0.0,4.5,3.5,Volume faible — Performant
9c4d31c7e46ab03a43fc06e3142afd4e,2,0.0,4.5,2.0,Volume faible — Performant
9c54608f0996c32ae4743089d915f845,3,0.0,4.0,1.0,Volume faible — Performant
9c57bc60cfad5ee62d35d3f1ce4593a1,1,1.0,1.0,28.0,Volume faible — Non performant
9c690ceacd5c66731bf443ea810195cb,10,0.0,4.42,0.83,Volume faible — Performant
9c7fd21e0aa159b20da593371f08ff7c,7,0.12,3.38,0.25,Volume faible — Non performant
9cad4b68bb993ee401a3c5aaa2bc26dd,5,0.14,3.43,2.43,Volume faible — Non performant
9cea4682e16655f7da87f406902e989e,4,0.0,2.33,2.89,Volume faible — Performant
9cf787a239c1aa29dbd76f153dc13f9a,4,0.0,4.75,0.5,Volume faible — Performant
9d213f303afae4983637247556438ede,2,0.0,5.0,1.67,Volume faible — Performant
9d39404483343dd55c7ae254494d8388,10,0.1,3.5,3.6,Volume faible — Performant
9d489893ff6af05029671b785f54b998,5,0.0,4.17,1.0,Volume faible — Performant
9d4db00d65d7760644ac0c14edb5fd86,97,0.04,4.54,0.96,Volume élevé — Performant
9d5604a1f112324ad6b2aa552122e0fb,13,0.0,3.65,1.35,Volume faible — Performant
9d5a9018aee56acb367ba9c3f05d1d6a,66,0.01,4.44,3.68,Volume élevé — Performant
9d681c7e12db302cb261e721040dde65,13,0.0,4.93,1.93,Volume faible — Performant
9d69ba0a7a626a64dc5db08e529559cf,1,0.0,5.0,4.0,Volume faible — Performant
9d7a1d34a5052409006425275ba1c2b4,13,0.06,3.75,3.69,Volume faible — Performant
9da15f4a4ea758d9eeb49000dbe57e22,1,1.0,2.0,21.0,Volume faible — Non performant
9da1ca0bef29ee170e541927a5aeabdc,6,0.17,3.0,1.83,Volume faible — Non performant
9dc79dd988ac42f4d56c340d7048420a,4,0.0,4.75,0.5,Volume faible — Performant
9dd459b29a14bf89d47183cf2cd0e4c7,2,0.5,5.0,3.5,Volume faible — Non performant
9dd59e43f0c9f0553244e8f9c2fb247e,10,0.1,4.8,2.1,Volume faible — Performant
9dda5bbacd45e18d6485fee649205d09,19,0.05,4.23,5.68,Volume faible — Performant
9de4643a8dbde634fe55621059d92273,72,0.04,4.53,2.78,Volume élevé — Performant
9df5750209b83567ec144eb299d7d634,11,0.09,4.0,4.36,Volume faible — Performant
9e25199f6ef7e7c347120ff175652c3b,1,0.0,4.0,1.0,Volume faible — Performant
9e6229250fedbe05838fef417b74e7fb,73,0.03,3.9,2.87,Volume élevé — Performant
9e6967d3cf386d284251784b18ccb485,9,0.09,3.64,2.27,Volume faible — Performant
9e7c5f4d7770eab65738cca38f9efccf,2,0.0,3.5,0.0,Volume faible — Performant
9e94fa26a70ede4d26226e918e8706a2,1,0.0,5.0,4.0,Volume faible — Performant
9e9b539eb2806acee3f5c28085c1db9f,3,0.33,3.67,6.33,Volume faible — Non performant
9ed65337433adfbedefd23dd76eaa494,6,0.0,4.83,1.33,Volume faible — Performant
9ef932e837d8b7f392c0bfee9d359dc2,1,1.0,3.0,1.0,Volume faible — Non performant
9f50216bfd01913736a55a11b55ea842,17,0.16,4.47,3.47,Volume faible — Non performant
9f505651f4a6abe901a56cdc21508025,393,0.04,4.31,0.95,Volume élevé — Performant
9fbd5666d8618fa571c4230fafa09bd6,1,0.0,5.0,6.0,Volume faible — Performant
9fc70243fb26800cba56e8f014797004,6,0.0,4.57,1.86,Volume faible — Performant
9fe7c6641c79970ab48185498f547c09,1,0.0,5.0,6.0,Volume faible — Performant
a00824eb9093d40e589b940ec45c4eb0,3,0.0,4.67,1.0,Volume faible — Performant
a0415d9b25ede3c4b1e477e9916ffc03,9,0.0,4.22,1.67,Volume faible — Performant
a066df7361163e7ddc5d7452dd17448b,15,0.24,4.47,1.53,Volume faible — Non performant
a06c8ff043abea0528ee44171e2140a2,8,0.0,4.75,0.38,Volume faible — Performant
a080fc8a850289b27500f6b49cca2553,4,0.0,4.75,0.5,Volume faible — Performant
a08692680c77d30a0b4280da5df01c5a,6,0.0,5.0,2.94,Volume faible — Performant
a09a13f18ed27932d08438aa6f12756e,1,0.0,3.0,1.0,Volume faible — Performant
a0a14e50070f3225b3eabba5b85da517,4,0.0,4.5,0.25,Volume faible — Performant
a0d7fbb07bb5ebc3b05980e750db56f3,3,0.0,2.0,1.75,Volume faible — Performant
a1040efe9ff4a6f93c28b0499eada8f5,1,0.0,5.0,3.0,Volume faible — Performant
a1043bafd471dff536d0c462352beb48,702,0.05,4.25,1.44,Volume élevé — Performant
a11a0e0ca67423425691db355cff69b0,2,0.0,5.0,0.5,Volume faible — Performant
a13580f0e8f782b7a543885a0ef99f08,10,0.2,4.4,4.5,Volume faible — Non performant
a13aaf2d2886ab9fb30fb9a920160b8f,4,0.25,4.5,0.25,Volume faible — Non performant
a1474fd46fd3430168f7ec202da39408,12,0.14,4.43,1.21,Volume faible — Non performant
a150c540f572d0fb53992264bc5c10b5,1,0.0,4.0,1.0,Volume faible — Performant
a1544b9ea0b2390e020537d4daa89049,8,0.0,3.88,1.75,Volume faible — Performant
a154d7316f158bb42e6fa18bbe3afd3a,2,0.5,3.0,4.0,Volume faible — Non performant
a17f621c590ea0fab3d5d883e1630ec6,63,0.05,4.18,1.5,Volume élevé — Performant
a1bea7061f61f6fdd9a85a6325ba1033,9,0.11,4.44,0.78,Volume faible — Non performant
a1bea9970d8f65b240555f99c2214f7f,1,0.0,3.0,0.0,Volume faible — Performant
a20d8058c866dbaeca014d2cd20ac62e,2,0.0,5.0,2.0,Volume faible — Performant
a213f1bd6458f4a158f3746cb2514559,1,0.0,5.0,1.0,Volume faible — Performant
a218df5c097b0ca409cfaac1488cc7f6,4,0.0,2.75,4.5,Volume faible — Performant
a21c11ec5c3f03e7cc9f9203bff9e1c6,3,0.0,3.0,2.25,Volume faible — Performant
a23266650e7c84bb93fbbba502137478,11,0.0,3.25,1.5,Volume faible — Performant
a254c682cc01e119f83530446f1df9a9,6,0.14,4.14,1.29,Volume faible — Non performant
a2a41aedb70551d4a85aa04dc2fced48,2,0.0,4.0,3.5,Volume faible — Performant
a2b5b6105ea5942300631d2e76f4ffe0,16,0.06,4.75,1.88,Volume faible — Performant
a2b911e9ad40dc7d61c142a4683e2d85,1,0.0,5.0,0.0,Volume faible — Performant
a2deecd5398f5df4987110c80a1972a3,13,0.0,4.23,0.85,Volume faible — Performant
a2e874074c877c5a05abae80ad6e488f,40,0.05,4.19,10.52,Volume faible — Performant
a2fa0bdc798ee84cdb08281337cf4fb6,8,0.0,4.82,10.55,Volume faible — Performant
a3082f442524a1be452e3189e003b361,3,0.0,4.25,4.0,Volume faible — Performant
a35124e2d763d7ca3fbe3b97d143200f,4,0.0,4.43,4.14,Volume faible — Performant
a353b1083c9863d756d9404695016d64,1,0.0,5.0,5.0,Volume faible — Performant
a35ef466c6fd6d052f5d241240d3c5e2,3,0.0,4.67,0.67,Volume faible — Performant
a369d693961cb93b61ca2cc518872a85,11,0.0,4.11,2.89,Volume faible — Performant
a36ac007a4d18f865c8d32c3b2402c2d,8,0.0,2.75,3.25,Volume faible — Performant
a36b125ac6d5fdbc7f50de85c9157bdc,23,0.08,4.04,3.0,Volume faible — Performant
a37c340b91cb0169e8b029db6440fba2,5,0.0,4.8,4.4,Volume faible — Performant
a3a38f4affed601eb87a97788c949667,251,0.04,4.4,1.17,Volume élevé — Performant
a3b0df0065e264a91b7bbf5f844af5cd,2,0.0,5.0,4.0,Volume faible — Performant
a3b42d266fa8afc874b909422ce88582,1,0.0,5.0,1.0,Volume faible — Performant
a3dd39f583bc80bd8c5901c95878921e,34,0.03,4.59,1.78,Volume faible — Performant
a3e9a2c700480d9bb01fba070ba80a0e,129,0.08,4.02,2.19,Volume élevé — Performant
a3f0b55de503387383c7b1de3ad7f678,24,0.04,4.38,1.62,Volume faible — Performant
a3fa18b3f688ec0fca3eb8bfcbd2d5b3,1,0.0,5.0,7.0,Volume faible — Performant
a414555ce331b8c8aea4a9cb8395194d,7,0.0,3.57,2.5,Volume faible — Performant
a416b6a846a11724393025641d4edd5e,157,0.11,4.22,2.86,Volume élevé — Non performant
a420f60ff1aa9acc80d0e42959f2b313,67,0.07,3.93,1.01,Volume élevé — Performant
a425f92c199eb576938df686728acd20,16,0.0,4.56,10.06,Volume faible — Performant
a435b009cd956ea60748b5cfbddf2e24,3,0.33,4.33,8.33,Volume faible — Non performant
a44fb5a447105f8469bdf16bf9159f25,19,0.21,4.05,4.42,Volume faible — Non performant
a45314082d50d578a4721c9787ce09ab,2,0.0,5.0,1.5,Volume faible — Performant
a45765f8afb1e594b22bf9e974b46765,1,0.0,4.0,0.0,Volume faible — Performant
a478c7961d6a992065b24e63b366f90b,8,0.0,4.89,1.67,Volume faible — Performant
a49928bcdf77c55c6d6e05e09a9b4ca5,96,0.21,2.97,6.75,Volume élevé — Non performant
a4b6b9b992b46e9ef863637af96e04bc,6,0.12,3.75,1.5,Volume faible — Non performant
a4b8d97cd5d3674eeff96abc99d8ed67,1,0.0,1.0,1.0,Volume faible — Performant
a4bd6e9adf39b63f43dc545d3ca1f53d,4,0.0,4.6,2.6,Volume faible — Performant
a4fc6eadaff1576af888509a53420f6a,1,0.0,3.0,13.0,Volume faible — Performant
a513150f33f99a06569e9cd5c4bb889b,2,0.0,4.5,2.5,Volume faible — Performant
a5259c149128e82c9d6d46e0c1c812bb,8,0.0,3.88,2.62,Volume faible — Performant
a53f60f05f822b5c621a50ff6a5cb362,4,0.0,2.6,5.5,Volume faible — Performant
a56a8043ebf66e42119618fb8cf232c6,1,0.0,5.0,2.0,Volume faible — Performant
a56e351445e5863fc8960640ba9190c7,3,0.0,4.25,1.0,Volume faible — Performant
a5a1bfcf728ab0e19182959cf0771ee4,21,0.04,4.29,0.96,Volume faible — Performant
a5bff0f43eb51f0cad7c37fac7244c8a,4,0.0,4.8,2.4,Volume faible — Performant
a5cba26a62b8b4d0145b68b841e62e7f,53,0.02,4.57,3.74,Volume élevé — Performant
a5dd1946fb63ada8bcaa0c9cd8f11e22,6,0.0,3.86,2.14,Volume faible — Performant
a5ff20ff766e7f50bd5066f33da14413,2,0.0,3.0,0.0,Volume faible — Performant
a61cc04793308395a840807104365121,1,0.0,5.0,1.0,Volume faible — Performant
a63bfbaa882c8f4542891b4e2246cc7f,6,0.0,5.0,1.33,Volume faible — Performant
a64e44665225d19dfc0277eeeaaccc57,6,0.0,5.0,2.0,Volume faible — Performant
a663d9c3797e90eac99ff60939416a56,1,0.0,5.0,2.0,Volume faible — Performant
a673821011d0cec28146ea42f5ab767f,125,0.11,3.9,3.74,Volume élevé — Non performant
a67780aba9dd436e7ac0aa1f889e73ec,6,0.17,3.67,7.17,Volume faible — Non performant
a69aa24cec11168e7e39a3fbc727e925,3,0.0,5.0,3.33,Volume faible — Performant
a6bd7d1ccdac48c6b33b28596b7eb122,15,0.07,3.5,4.0,Volume faible — Performant
a6fe7de3d16f6149ffe280349a8535a0,50,0.12,4.06,3.73,Volume élevé — Non performant
a70e9066dbfd10b6b97a3f54a1356762,2,0.0,5.0,9.5,Volume faible — Performant
a72c2f59332659e361d647515c698798,5,0.0,4.83,2.33,Volume faible — Performant
a72f15980dc3e9bfd1a49ac9b2f3af65,1,0.0,4.0,0.0,Volume faible — Performant
a7a9b880c49781da66651ccf4ba9ac38,3,0.0,3.75,0.25,Volume faible — Performant
a7b7354cc588f7566a848bcbb1ce3d96,2,0.0,4.0,7.0,Volume faible — Performant
a7c53f6b3b61adbdaa99dda97e8cbd56,1,0.0,4.0,1.0,Volume faible — Performant
a7c88262832dfc683781d6a421edefae,5,0.0,4.2,1.2,Volume faible — Performant
a7d0f8dd44f57ef6de7f7f02e3d82630,2,0.0,4.5,2.0,Volume faible — Performant
a7dc4098e4da6e41b426269d12ae7e91,2,0.0,3.67,3.0,Volume faible — Performant
a7ecf689b40a44361e259b28939023e4,1,0.0,5.0,2.0,Volume faible — Performant
a7f13822ceb966b076af67121f87b063,73,0.04,3.49,10.46,Volume élevé — Performant
a806a4bb063ea7ca6d374eafa50a6058,5,0.0,3.83,3.17,Volume faible — Performant
a81466620e46a6970b22ef40379fdfc9,2,0.0,5.0,0.0,Volume faible — Performant
a8739afb32aaa45e01815ca76f76f54b,13,0.0,3.47,1.53,Volume faible — Performant
a888faf2d1baececa6baf9c3d603ee1f,53,0.09,4.11,6.28,Volume élevé — Performant
a89e143d5211473ae18db9577ee34b64,1,0.0,5.0,8.0,Volume faible — Performant
a90a5da8b09e44264a177c0374a5ac87,3,0.0,4.33,0.67,Volume faible — Performant
a938325a4b357fd23a6a4d5bb126408e,24,0.04,3.88,3.4,Volume faible — Performant
a9415cf907dfa12f9ed18693244f5329,1,0.0,5.0,4.0,Volume faible — Performant
a99504ac23ed125aaf5302af6cc30af9,1,0.0,5.0,3.0,Volume faible — Performant
a9ae440659f48b7849df83e82734150b,1,0.0,5.0,3.0,Volume faible — Performant
a9b533a26e898b12e8b8d4c07279bf4d,4,0.0,5.0,6.25,Volume faible — Performant
aa17b35ce4de7b565be3249ba838944f,2,0.0,4.5,5.5,Volume faible — Performant
aa1eb17b9fdf6dfd546e25c45c7b9235,3,0.0,4.5,1.25,Volume faible — Performant
aa2640d851ec322526f1295bbeb20092,1,0.0,3.0,2.0,Volume faible — Performant
aa762680c40618316a896838866140ea,3,0.33,3.33,2.33,Volume faible — Non performant
aa8af66c623d7d544dfe4bb85b5ebe3b,1,0.0,5.0,4.0,Volume faible — Performant
aac29b1b99776be73c3049939652091d,94,0.09,4.0,2.95,Volume élevé — Performant
aac51c486b672a9850d59f3e84b1cf88,10,0.0,4.77,0.69,Volume faible — Performant
aadfe0417e61315688b6bd7043361e25,1,0.0,4.0,0.0,Volume faible — Performant
aae3bfea055532c57fb453ed3ec80b30,48,0.0,3.55,3.0,Volume faible — Performant
aae5953b9edddf14749c0d65d60eb4b9,2,0.0,5.0,4.0,Volume faible — Performant
aae5e7b457a3c72ee230a47d98fceda5,5,0.0,4.14,5.0,Volume faible — Performant
aaed1309374718fdd995ee4c58c9dfcd,104,0.03,4.05,1.42,Volume élevé — Performant
aafe36600ce604f205b86b5084d3d767,129,0.04,4.38,1.6,Volume élevé — Performant
ab27bbbad5239bc31a34709275a70db4,3,0.0,5.0,3.45,Volume faible — Performant
ab3e0c171fe84a7ba7de130f19cfb485,6,0.29,4.14,6.86,Volume faible — Non performant
ab75b89cc49c9ab3160d0c91565a442a,1,0.0,1.0,6.0,Volume faible — Performant
ab91571efab27993ff2f6b36e38055c3,3,0.5,4.75,9.75,Volume faible — Non performant
ab9db4cf53b08b828b64dccaafc2d9f0,4,0.0,5.0,2.5,Volume faible — Performant
aba1721a889e04decc910aa13b768ef4,83,0.07,4.46,1.26,Volume élevé — Performant
abbf6046bbdf1028606a5bc7f00c99e7,6,0.0,4.67,1.67,Volume faible — Performant
abc015ebac1d283a323ca9db35ede4b9,12,0.0,4.38,1.46,Volume faible — Performant
abcd2cb37d46c2c8fb1bf071c859fc5b,44,0.04,4.31,1.78,Volume faible — Performant
abe021b01ba992245271b9aa422032df,2,0.0,3.5,11.0,Volume faible — Performant
abe42c5d03695b4257b5c6cbf4e6784e,49,0.16,3.96,1.49,Volume faible — Non performant
ac3508719a1d8f5b7614b798f70af136,101,0.02,4.64,1.01,Volume élevé — Performant
ac51cac5e20d69ff485a54746488ef48,3,0.0,3.67,3.67,Volume faible — Performant
ac6417315ae5da8f9a38ee11de6f7780,7,0.14,4.14,2.29,Volume faible — Non performant
ac9b01377919cdbd2a1bbb8d5837c70b,1,0.0,3.0,0.0,Volume faible — Performant
acadd4d36859671cb635527c6c977533,12,0.08,4.25,2.75,Volume faible — Performant
acb6c2ca5c82411c1fdb88d5fd5eb95e,10,0.0,3.73,2.91,Volume faible — Performant
acce39e832338debb07b02385cde5967,44,0.0,4.48,0.75,Volume faible — Performant
aced59e9b31ef866a94f9e7f29d8d418,61,0.03,4.45,2.19,Volume élevé — Performant
acf974e4d5950ad143a247471b831eb9,5,0.0,4.8,2.0,Volume faible — Performant
ad14615bdd492b01b0d97922e87cb87f,1,0.0,5.0,0.0,Volume faible — Performant
ad273c9eb54ecb4532de4bf75bae9e4e,10,0.0,3.82,3.18,Volume faible — Performant
ad420dd0c4f92f8af951ac24b86d0cf5,42,0.07,4.16,1.93,Volume faible — Performant
ad75519a07f039025e83795a4418470f,3,0.0,3.22,0.67,Volume faible — Performant
ad781527c93d00d89a11eecd9dcad7c1,38,0.32,3.34,11.05,Volume faible — Non performant
ad87df7699e83b8a91822a4a0b765c3a,5,0.0,3.83,1.83,Volume faible — Performant
ad8b531ae67582f096925cff5630d0d1,2,0.0,4.0,7.5,Volume faible — Performant
ad97a199236354e53fcd91a5a913e9a2,16,0.12,4.47,5.18,Volume faible — Non performant
adbc26658d6c7b4b6219f9d934598091,88,0.13,4.05,3.05,Volume élevé — Non performant
adbe70ab2c97442046d393988c8d1d27,5,0.0,5.0,1.0,Volume faible — Performant
adcf50477d6a1f5d91bb9d54c4903cb5,16,0.16,3.35,11.84,Volume faible — Non performant
ade45994b717ccee333492330fbf037b,10,0.0,4.5,0.7,Volume faible — Performant
aded58c8142dedc5494a81f948431fab,4,0.0,3.2,2.2,Volume faible — Performant
ae45ad30c2d2e5913094769690a239d2,1,0.0,5.0,7.0,Volume faible — Performant
ae45df84722b1d15c5f32b23a095746c,9,0.0,4.83,1.58,Volume faible — Performant
ae7ab174effdead6c241e547e4ca13f0,6,0.0,3.86,3.43,Volume faible — Performant
ae8bfdbf1c2a2a2dee92d799db0a31c6,8,0.0,4.12,1.12,Volume faible — Performant
ae9690c6e8fee182c28c9ff8e11ca52c,1,0.0,5.0,4.0,Volume faible — Performant
aeb36d67f1414f234d42a29e27cf1f17,4,0.25,4.5,8.5,Volume faible — Non performant
aec99834ab5d38ead22766ada8497e87,1,0.0,5.0,2.0,Volume faible — Performant
af3ef48d0e13835e529c29ac573c63e5,21,0.05,3.76,1.52,Volume faible — Performant
af4a0e4cfe1d9c26b6712b1be25a72e5,21,0.04,3.5,4.5,Volume faible — Performant
af7cdac9d9897cddead9c6b08976c642,6,0.17,3.67,1.5,Volume faible — Non performant
afa6714acee029b2dfdf357e5579cc03,16,0.12,4.06,2.06,Volume faible — Non performant
afe0067131b73e40875c9b6c10bd2e21,45,0.04,4.27,3.24,Volume faible — Performant
b00af24704019bd2e1b335e70ad11f7c,1,0.0,5.0,1.0,Volume faible — Performant
b01c2b7b8599b325103ebcddc67413e1,4,0.0,4.75,3.0,Volume faible — Performant
b026643914f651e8371425e5b8a1e780,1,0.0,5.0,3.0,Volume faible — Performant
b0398568231ba5e6734af1881671a317,4,0.0,4.0,1.25,Volume faible — Performant
b05b432bf68945d4d9783f9e3ca29ee8,2,0.0,4.5,1.0,Volume faible — Performant
b080809eaacb49e5ca07290981472431,11,0.0,4.82,3.45,Volume faible — Performant
b0b346d3a89f5eb4c2968af3f083cd43,9,0.33,3.78,4.11,Volume faible — Non performant
b0f2a6122a90a93eb03e68653dd960e3,6,0.0,4.86,2.86,Volume faible — Performant
b1204cfda1d4948679db3cfc0d3cb95c,6,0.0,4.33,1.5,Volume faible — Performant
b127efdabeffb5d559349c7b172eb75d,10,0.1,4.8,1.2,Volume faible — Performant
b12cfd255810394b60caef18ae163547,2,0.0,4.5,2.0,Volume faible — Performant
b14db04aa7881970e83ffa9426897925,78,0.09,3.8,4.51,Volume élevé — Performant
b16d3dadc47d4eb18be3d88bad0775ce,10,0.0,4.36,1.55,Volume faible — Performant
b17b679f4f5ce2e03ce6968c62648246,50,0.16,3.92,4.06,Volume élevé — Non performant
b18871c324516afa228a13e8f1ef0ae9,9,0.09,3.96,2.48,Volume faible — Performant
b18dc380845b24038cfc48006478f099,43,0.1,4.3,2.33,Volume faible — Performant
b19c48688808720822399ffa9f2dbe2f,1,0.0,5.0,-1.0,Volume faible — Performant
b19f3ca2ea475913750f25a5c37c8d8f,19,0.32,3.26,11.58,Volume faible — Non performant
b1a81260566c1bac3114a6d124413f27,51,0.0,4.22,0.41,Volume élevé — Performant
b1aaae6b66ad3c40f54b389d7ea4bee0,15,0.0,4.47,1.71,Volume faible — Performant
b1ac6ea7895bc3dd6f0f6f4abbdd2821,38,0.0,4.53,2.68,Volume faible — Performant
b1b3948701c5c72445495bd161b83a4c,14,0.64,1.93,15.21,Volume faible — Non performant
b1fc4f64df5a0e8b6913ab38803c57a9,107,0.12,3.78,4.82,Volume élevé — Non performant
b1fecf4da1fa2689bccffa0121953643,19,0.0,4.95,3.25,Volume faible — Performant
b2479f944e1b90cf8a5de1bbfde284d6,101,0.12,3.33,2.36,Volume élevé — Non performant
b248792ac0b60ec3f93d80af1b4fae47,7,0.22,3.78,0.67,Volume faible — Non performant
b26741d31a563d769b4af0465ab20c56,2,0.0,4.0,1.5,Volume faible — Performant
b274baf5bbd142410eb2958cf685d684,7,0.0,4.29,0.43,Volume faible — Performant
b29d3380981c51df13fc6fbe87e1763d,6,0.0,4.0,1.57,Volume faible — Performant
b2a6d334e2833acea353624840e25a0e,25,0.0,4.5,1.69,Volume faible — Performant
b2ac621f0d0322434d04a12b078b9369,30,0.1,4.4,2.67,Volume faible — Performant
b2ba3715d723d245138f291a6fe42594,324,0.06,4.2,4.91,Volume élevé — Performant
b2c97074649f92197d9387d9033dda5f,10,0.09,4.64,1.0,Volume faible — Performant
b2eecf5ea250510da76590ca79d60e5d,9,0.0,5.0,1.18,Volume faible — Performant
b2f4d63c7203f539a78252565ca32257,1,0.0,5.0,1.0,Volume faible — Performant
b32be1695eb7ec5f10f72d9610a12527,44,0.04,4.16,3.18,Volume faible — Performant
b335c59ab742f751a85db9c411a86739,30,0.06,3.94,7.71,Volume faible — Performant
b33aaadd1a8891d2dfef0c4c3bdf0371,16,0.12,3.76,1.18,Volume faible — Non performant
b33e7c55446eabf8fe1a42d037ac7d6d,149,0.12,4.19,2.09,Volume élevé — Non performant
b347677812ea483b0f528eaf8cbc09b7,21,0.0,4.52,2.48,Volume faible — Performant
b372ee768ed69e46ca8cdbd267aa7a38,63,0.0,4.39,1.61,Volume élevé — Performant
b37c4c02bda3161a7546a4e6d222d5b2,4,0.0,1.4,8.67,Volume faible — Performant
b3809b8d4394588a47c8470ea331e135,1,0.0,4.0,3.0,Volume faible — Performant
b39d7fe263ef469605dbb32608aee0af,43,0.04,3.79,2.79,Volume faible — Performant
b3b17aab11f273023a5f22ca52e1eb70,7,0.15,4.85,1.15,Volume faible — Non performant
b3e2faf2c1004d674f16a3aa3197f0e1,3,0.0,5.0,1.67,Volume faible — Performant
b3f19518fcec265b2e97af287725f981,8,0.0,4.38,1.75,Volume faible — Performant
b410bdd36d5db7a65dcd42b7ead933b8,42,0.0,4.81,0.83,Volume faible — Performant
b416191c9813d821a295cfabafff4161,2,0.0,2.5,2.0,Volume faible — Performant
b43d8b707f887a30f4675391098354a0,3,0.25,2.5,1.25,Volume faible — Non performant
b44dbfbf62e52125f3c15d230569ea91,4,0.0,4.38,0.75,Volume faible — Performant
b452cb0ae35044c4a53179c39f49fb06,2,0.0,4.0,11.0,Volume faible — Performant
b45d7ebfb7378630f1bcd74b6ff86ff7,3,0.0,4.33,21.67,Volume faible — Performant
b494891378bd8f4560abe576c52deacd,19,0.0,4.71,0.33,Volume faible — Performant
b499c00f28f4b7069ff6550af8c1348a,147,0.11,4.23,3.26,Volume élevé — Non performant
b4a476fbd28de64b1e347abf9089366a,30,0.06,4.0,2.91,Volume faible — Performant
b4b447d715f9ab302a188fb43d3e96b3,5,0.0,4.8,1.2,Volume faible — Performant
b4f8921fcc4ff77b66bea6dda43dcd51,18,0.05,4.6,1.15,Volume faible — Performant
b4ffb71f0cb1b1c3d63fad021ecf93e1,143,0.02,4.03,1.26,Volume élevé — Performant
b55638ad525e906c698fa2ce742c1742,11,0.17,4.17,10.0,Volume faible — Non performant
b561927807645834b59ef0d16ba55a24,85,0.15,4.34,3.28,Volume élevé — Non performant
b566ab0ef88016e00422755e305103c6,5,0.2,3.2,0.8,Volume faible — Non performant
b56828a9f9027f3c918c04ca720d9e3c,3,0.33,2.67,10.67,Volume faible — Non performant
b56906f7fd1696e043f1bcce164c487b,40,0.05,3.95,4.07,Volume faible — Performant
b586cd24c010a13916af621b0325fbba,6,0.0,3.86,0.29,Volume faible — Performant
b5abf4f36adc043117b4fca82c22984c,8,0.33,2.89,15.0,Volume faible — Non performant
b5b800c4065bebf4d3442311c9857344,1,0.0,5.0,3.0,Volume faible — Performant
b5bb2b985208834bd5bd86c7a402bbad,2,0.0,5.0,1.0,Volume faible — Performant
b5d034ac251546e25afe9067f05c1539,1,0.0,5.0,3.0,Volume faible — Performant
b5dd7151a92ccaaa282cbe9681a05f44,1,0.0,5.0,7.0,Volume faible — Performant
b5e3e38609125694d2ea2417522a60b7,16,0.12,4.35,2.65,Volume faible — Non performant
b5f0712d22a873b6797ab6cc65c3fcba,1,0.0,4.0,1.0,Volume faible — Performant
b5f49fe968dff6b112861e6cd8e192ef,1,0.0,5.0,6.0,Volume faible — Performant
b64d51f0435e884e8de603b1655155ae,17,0.17,4.13,1.96,Volume faible — Non performant
b67d6c666e8dce1d078c882825e12704,7,0.0,4.88,3.0,Volume faible — Performant
b6d44737c043328708f6749c2dbe50bd,61,0.05,4.57,1.18,Volume élevé — Performant
b6dc74ed30f124f95227bed4e43a3bed,9,0.1,4.7,6.8,Volume faible — Performant
b6e1504972665f739dec4facb9943775,14,0.07,4.36,1.0,Volume faible — Performant
b6f52e346160519c24a23af05410ad32,1,0.0,4.0,1.0,Volume faible — Performant
b74d1c09cb380e1d03a6f859c6f4224b,30,0.16,4.24,1.11,Volume faible — Non performant
b76a1f8356322f12529c37b67d5c96c2,5,0.0,4.8,1.4,Volume faible — Performant
b76dba6c951ab00dc4edf0a1aa88037e,157,0.03,4.19,1.71,Volume élevé — Performant
b76f4d90e85657a240495c876313adc5,1,0.0,5.0,1.0,Volume faible — Performant
b77a27b1864483e721dc831d5ba4afa0,1,0.0,5.0,4.0,Volume faible — Performant
b7ba853e9551f4558440881fd3e5c815,1,0.0,1.0,29.0,Volume faible — Performant
b7cc6c5e001441ae8cdd5c69a480cbe4,5,0.0,4.6,2.6,Volume faible — Performant
b7d5b4b87af9d42b601865d3f3810bff,1,0.0,3.0,3.0,Volume faible — Performant
b7e1750c1157341d2abd0251e07c186b,3,0.0,4.5,1.75,Volume faible — Performant
b7ed9fb14c8eadb37adb9c45d67ab0fb,7,0.0,2.91,2.18,Volume faible — Performant
b8114f2f589a6804810f04f99b36b498,8,0.0,4.73,1.36,Volume faible — Performant
b81e3a6c866a764974fe849821abeebd,8,0.0,4.55,2.27,Volume faible — Performant
b839e41795b7f3ad94cc2014a52f6796,33,0.03,4.03,1.39,Volume faible — Performant
b83cedfb587e7911540e3f576d6917ce,24,0.04,4.24,2.24,Volume faible — Performant
b8555308bfdb4ca1ed54325a58da9a97,26,0.07,4.07,1.86,Volume faible — Performant
b8578d2d823bd8e251f6fdd02b40902d,9,0.0,4.44,0.67,Volume faible — Performant
b8630e1121437d41cb08e3c749c2c2e2,12,0.08,4.33,2.67,Volume faible — Performant
b86a47b3366e3b5424a7b225781f4908,1,0.0,3.0,0.0,Volume faible — Performant
b87a7ea0c30fad2dd6781b74a0064859,9,0.22,3.44,2.0,Volume faible — Non performant
b88e7c57cb2d8b973b7dd4a2bfa14b36,4,0.0,4.25,0.75,Volume faible — Performant
b8a0adc91af209270c2c725168eb00fd,6,0.0,4.0,3.17,Volume faible — Performant
b8bc237ba3788b23da09c0f1f3a3288c,45,0.02,4.35,1.02,Volume faible — Performant
b8d890108a7a80e4f5d59eea9f362438,2,0.0,3.33,8.33,Volume faible — Performant
b906dd0e57f282c7089171b6ed07982e,2,0.0,4.0,0.0,Volume faible — Performant
b90e891671cffd9557f33a97dc523645,34,0.0,4.13,0.92,Volume faible — Performant
b92e3c8f9738272ff7c59e111e108d7c,62,0.03,4.06,4.81,Volume élevé — Performant
b94cc9f10ddc85e4ba73a6f7974e7101,39,0.05,4.3,1.85,Volume faible — Performant
b98b715fe9e276204e2a3464f48cd796,4,0.0,4.0,5.5,Volume faible — Performant
b9a03475e6447e631b6799ec8274800f,10,0.0,4.27,0.91,Volume faible — Performant
b9c0ffa92f3ff9a5a3d45ef7213c0842,3,0.0,5.0,2.67,Volume faible — Performant
b9ca8e8baa5d4aa038394a700f63e69f,14,0.07,4.21,1.5,Volume faible — Performant
b9de031b671cd48b28fae9d828cbf2b4,1,0.0,5.0,0.0,Volume faible — Performant
b9ec22de23f18567de0e09d776ca0309,2,0.0,5.0,1.0,Volume faible — Performant
ba143b05f0110f0dc71ad71b4466ce92,83,0.12,4.46,2.57,Volume élevé — Non performant
ba5daa4041e1f15cdf34b76e3e18a450,15,0.0,4.27,1.33,Volume faible — Performant
ba6b4a237f92479743cf0ca06b67a9ac,8,0.12,4.25,1.75,Volume faible — Non performant
ba6b68b55fe8704377a7d43c8e5c0185,5,0.0,4.2,2.6,Volume faible — Performant
ba6ce6de456f6c11d08c17701ba5c26f,6,0.0,3.71,6.14,Volume faible — Performant
ba89796db68db180bd389de96b2ff3b6,2,0.0,5.0,2.0,Volume faible — Performant
ba8e85df286308fe68a2ce83a8f8b2d6,1,0.0,5.0,1.0,Volume faible — Performant
ba90964cff9b9e0e6f32b23b82465f7b,38,0.05,4.42,0.71,Volume faible — Performant
baa49d93c8c8841e27400a300f5d74b2,6,0.0,4.5,3.33,Volume faible — Performant
bab0a8cd684e41ba6e2637dca0979d3b,1,0.0,5.0,0.0,Volume faible — Performant
babcc0ab201e4c60188427cae51a5b8b,1,0.0,5.0,3.0,Volume faible — Performant
bac44fa8e13424950488659b5f765c41,1,0.0,5.0,5.0,Volume faible — Performant
bac692d6c0ed08467878018e6cc9c26c,1,0.0,4.0,1.0,Volume faible — Performant
bacb1f0ed56ad24198f5810d2b3fe9a5,38,0.03,4.32,1.13,Volume faible — Performant
baeda7047354773262ba2405f97038ba,1,0.0,5.0,17.0,Volume faible — Performant
baf15155e37ef5492731459bdc05be8a,1,0.0,5.0,28.0,Volume faible — Performant
bafc5aa11e413978be29040f51342e70,9,0.11,3.78,1.89,Volume faible — Non performant
bb135baca94c82fcb731335ad5b04a03,18,0.0,2.66,2.16,Volume faible — Performant
bb2afe2061d53c6968aa0cffa233a8ec,5,0.0,4.83,0.17,Volume faible — Performant
bb3dca718920a4d7ec3cc9ffb025108b,2,0.0,2.33,2.67,Volume faible — Performant
bb5bd94c8f59cc050072d2930c869cac,16,0.0,4.24,5.29,Volume faible — Performant
bb5d956dece964a06c12bceb66b923ae,2,0.0,5.0,1.5,Volume faible — Performant
bb7a14e229b1c95156719c3d9552eeee,10,0.1,4.5,4.1,Volume faible — Performant
bb7ad8a45c027be8ab075b8e465f8ca0,2,0.0,5.0,1.5,Volume faible — Performant
bba3293d6f5d5af2f415e004e8b93ae3,17,0.06,4.29,2.29,Volume faible — Performant
bba74270a87732727b5a3b4fd9ac1c39,35,0.0,3.88,1.78,Volume faible — Performant
bba8d0c234a52b87b3957037a215d1a4,1,0.0,5.0,10.0,Volume faible — Performant
bbad7e518d7af88a0897397ffdca1979,68,0.23,3.05,5.85,Volume élevé — Non performant
bbaff50f3b708fda865918715276cd87,12,0.12,4.81,2.19,Volume faible — Non performant
bbd3acfe6de99892e73940d3fdceaf68,2,0.0,3.0,0.5,Volume faible — Performant
bbe87dce25ba8b38bb61cc7210a3f10b,2,0.0,5.0,1.5,Volume faible — Performant
bbf4a892cac7b82422baa711dffb8997,1,0.0,5.0,0.0,Volume faible — Performant
bbf9ad41dca6603e614efcdad7aab8c4,14,0.0,4.5,0.93,Volume faible — Performant
bc07d855eac23aab5ac8a120f21d16b2,11,0.17,4.42,1.92,Volume faible — Non performant
bc2ac6b95e1accce9858528ee566c17e,18,0.0,4.64,0.64,Volume faible — Performant
bc302730ea8cf49b5c74f579febb5bbf,11,0.09,3.82,2.0,Volume faible — Performant
bc30de0d71bd6260b936a026b5cf7200,3,0.0,4.67,5.33,Volume faible — Performant
bc39d8938f90a3a2b98193723ed59774,2,0.0,4.0,1.5,Volume faible — Performant
bc47d5d1490df2b36add65d733eafaba,21,0.09,3.55,2.09,Volume faible — Performant
bc503e244f187939d10c92a5c8e378ce,6,0.0,4.15,2.46,Volume faible — Performant
bc8c8d665ec4664d286be0d521722b19,1,1.0,2.0,6.0,Volume faible — Non performant
bca9230d3bbb4efa51872bf605a2f1ad,5,0.2,4.0,4.0,Volume faible — Non performant
bcc9dd23e2a8bd8267cf92b19304a1b9,3,0.67,2.33,3.0,Volume faible — Non performant
bccf933e006e9b94a6184af782963e77,45,0.02,4.53,1.5,Volume faible — Performant
bcd2d7510d58e293f20fad6438c1b314,1,1.0,,22.0,Volume faible — Non performant
bce6a5ecf98e99fd2a8868b15c51f04b,14,0.13,4.13,3.93,Volume faible — Non performant
bd0389da23d89b726abf911cccc54596,87,0.07,4.2,1.31,Volume élevé — Performant
bd0a1b0aadca9a83d9304f7e8ff5fbd5,4,0.0,4.5,1.0,Volume faible — Performant
bd149ed516d4c5d418d5781f8e18919f,8,0.0,4.89,3.33,Volume faible — Performant
bd15ee794d5e640d9dd71b665b2ab15b,12,0.17,4.0,4.5,Volume faible — Non performant
bd1d49a326abfa9b1036772e40445430,12,0.08,3.85,2.77,Volume faible — Performant
bd23da7354813347129d751591d1a6e2,86,0.02,4.13,1.86,Volume élevé — Performant
bd43e172d599bed47a85da877172ca8c,1,0.0,5.0,7.0,Volume faible — Performant
bd4431c1a8dfa744b59e1e2a8bc99b9e,7,0.0,4.57,0.43,Volume faible — Performant
bd4889b5e9133b35b66e42a8665cea5c,36,0.0,4.46,1.93,Volume faible — Performant
bd4ff04377f974574f7f0bf9d6ce7dde,4,0.25,3.5,17.0,Volume faible — Non performant
bd65d163ded559eb90a10cd09fec178f,1,0.0,4.0,1.0,Volume faible — Performant
bd697db56ff8e7c9cd1abeb7f72029b2,21,0.0,4.33,2.1,Volume faible — Performant
bdae679a9b282249bc23b9b69dae9a99,6,0.0,3.5,3.58,Volume faible — Performant
bdb3edbaee43a761e2d4f258dc08f348,5,0.2,3.8,2.2,Volume faible — Non performant
bdf0d02d36a1d839d0c39c4a887cdd49,5,0.0,5.0,1.14,Volume faible — Performant
be1e9e378700cecaa4ebf71433d7915c,2,1.0,3.0,4.5,Volume faible — Non performant
be3b4b0f050a6aa1b2d901c4b77e979f,3,0.0,2.75,2.38,Volume faible — Performant
be67f78487e2cecb0d55bc769709e4f5,1,0.0,5.0,3.0,Volume faible — Performant
be7a093e5b4d147b36b72bb1f9e415e5,1,0.0,5.0,1.0,Volume faible — Performant
be8e909810184b9b19e886129149d8e5,15,0.13,3.73,1.27,Volume faible — Non performant
be9a160a9011f627c3e121d076c1ec7b,5,0.0,4.6,5.8,Volume faible — Performant
beadbee30901a7f61d031b6b686095ad,64,0.22,3.94,6.56,Volume élevé — Non performant
bec568278124768c474ee90971ca94d1,2,0.0,4.5,0.0,Volume faible — Performant
bede56095ba33c42038fb85f707b8a42,2,0.0,4.5,2.0,Volume faible — Performant
bee36b4f9a2b9fdcaff6ec05df202ed0,1,0.0,5.0,8.0,Volume faible — Performant
bf00385a5f7fc1ef39a13c2e9ee50a5f,28,0.0,4.43,1.61,Volume faible — Performant
bf0045791395e66460eb04749c68672a,2,0.0,4.0,3.0,Volume faible — Performant
bf100ecb7997df312b285358fb32f92c,20,0.0,4.37,2.67,Volume faible — Performant
bf3c6d2a28b2b5501e6c15448982dcc9,35,0.02,4.42,1.19,Volume faible — Performant
bf84056e679dbe9c69929847a40e338f,35,0.05,3.76,3.61,Volume faible — Performant
bf961104a38e01b9062ee026bb657dee,4,0.0,4.5,1.5,Volume faible — Performant
bfd27a966d91cfaafdb25d076585f0da,114,0.05,4.32,1.77,Volume élevé — Performant
bfd938b22bc99bce1ae60dc602889f52,4,0.0,5.0,3.0,Volume faible — Performant
bff9deb0ec77d437f3305a79cf25529e,5,0.0,4.0,0.8,Volume faible — Performant
c003204e1ab016dfa150abc119207b24,195,0.05,4.44,1.21,Volume élevé — Performant
c00396cbdd2e088fe4281baa5920aef1,1,0.0,5.0,6.0,Volume faible — Performant
c004e5ea15737026cecaee0447e00b75,1,1.0,1.0,24.0,Volume faible — Non performant
c0098efcf800861dcae589affca31408,9,0.0,4.78,1.78,Volume faible — Performant
c013e57c075a06e5b5c48ee03c525719,42,0.07,4.16,1.09,Volume faible — Performant
c026ef0d72e9132d9fa112308090c8dc,1,0.0,4.0,2.0,Volume faible — Performant
c03121937e54a93fcc1825c3098bbb6e,7,0.0,5.0,1.71,Volume faible — Performant
c04d70d515d15a7e3db3a73320598566,3,0.0,5.0,1.25,Volume faible — Performant
c0563dd588b775f2e37747ef6ad6c92c,28,0.11,4.36,2.39,Volume faible — Non performant
c092292535a57dacd95a8765f5518f87,1,0.0,5.0,0.0,Volume faible — Performant
c0aff2da32c17759d30b22fb0af6649d,4,0.0,3.8,0.0,Volume faible — Performant
c0e0b73d039eb9a99b6ce4cb7a429cd3,1,0.0,5.0,2.0,Volume faible — Performant
c0e6839516f5398edc34adf5f1d53d1a,1,0.0,5.0,3.0,Volume faible — Performant
c0f3eea2e14555b6faeea3dd58c1b1c3,1,0.0,5.0,0.0,Volume faible — Performant
c0f783394e37cd9c9d7f5f81141450fa,6,0.0,3.6,2.17,Volume faible — Performant
c113b8df1fc375bc3d73d29c1b1144d1,3,0.0,4.2,0.6,Volume faible — Performant
c12b92bf1c350f3e6bf88d3596219c86,17,0.06,3.88,1.12,Volume faible — Performant
c12d7463a579237ffb9248bd7cff378b,1,0.0,4.0,8.0,Volume faible — Performant
c13ef0cfbe42f190780f621ce81f2234,1,1.0,3.0,19.0,Volume faible — Non performant
c13fb473e7cb8b83ccd543c094df0608,2,0.0,3.5,2.0,Volume faible — Performant
c1552b1dab6e6f760950368ae61fb600,2,0.0,2.5,1.5,Volume faible — Performant
c157bdeedcbc9a8e3c8bf0d87ff24428,7,0.0,4.5,2.4,Volume faible — Performant
c161d1327ebc3a156c09582ab2f59f6c,2,0.0,4.0,2.5,Volume faible — Performant
c18309219e789960add0b2255ca4b091,1,0.0,5.0,1.0,Volume faible — Performant
c1849d4d32d7a6cecd5aa471809d3135,3,0.0,4.33,2.0,Volume faible — Performant
c1d1ebb4745cc43cb6f05e9c8a705c9a,1,1.0,1.0,13.0,Volume faible — Non performant
c1dde11f12d05c478f5de2d7319ad3b2,1,0.0,1.0,1.0,Volume faible — Performant
c1ed9e3daf6154542826a6996af0fb8c,8,0.31,4.62,8.0,Volume faible — Non performant
c1f12f926d0ba950578b4fa41115cbb6,2,0.25,4.5,5.0,Volume faible — Non performant
c240c4061717ac1806ae6ee72be3533b,1,0.0,4.0,0.0,Volume faible — Performant
c24173065483e421f9e5e7f599de101d,9,0.11,3.56,6.56,Volume faible — Non performant
c26a2be5b53b7db6b276280da212a779,13,0.0,2.72,4.78,Volume faible — Performant
c26ba52cf8d2f34915f2f6b7ffa0a3f3,3,0.0,5.0,2.0,Volume faible — Performant
c273175f7c6c80fb02f051e2fc6d0d72,14,0.07,3.79,3.21,Volume faible — Performant
c286ec035ee04ba81c97508f0b5df544,1,0.0,4.0,3.0,Volume faible — Performant
c2bda99904207edd1834f03e0022b007,1,0.0,4.0,6.0,Volume faible — Performant
c2d70ce2c5d0a2eb75e78668236e6dc8,13,0.0,4.67,1.53,Volume faible — Performant
c31eff8334d6b3047ed34bebd4d62c36,120,0.12,3.88,5.06,Volume élevé — Non performant
c3251e13f1bbda6c74e37c160f991e19,2,0.0,5.0,2.5,Volume faible — Performant
c32fc744b9160ac853450488e3cfea93,2,0.0,3.0,5.5,Volume faible — Performant
c33847515fa6305ce6feb1e818569f13,114,0.04,3.72,1.48,Volume élevé — Performant
c33a5c3c983090c8b78a28e65052a20d,8,0.0,4.12,0.88,Volume faible — Performant
c353f8fc0ce8344999f17d578eb69a5e,2,0.0,5.0,1.0,Volume faible — Performant
c35672b10ad50968f567ea3f4b91e877,18,0.05,4.45,1.77,Volume faible — Performant
c35affa65afd250151285c5917fc1c8a,8,0.12,4.25,2.5,Volume faible — Non performant
c360e4787614ed31ac7a2f95d3b22dc6,1,0.0,2.0,8.0,Volume faible — Performant
c37b2059d4f90d4feead554e5246565e,12,0.44,3.75,8.56,Volume faible — Non performant
c3867b4666c7d76867627c2f7fb22e21,228,0.1,4.02,2.37,Volume élevé — Performant
c394e193cda3b4225ff2094d32184849,2,0.0,5.0,5.18,Volume faible — Performant
c398bc00a606d33758afd91f4e64fd15,2,0.0,4.5,0.5,Volume faible — Performant
c3aad7dc65449ae90a5e9c3c6c1e78e0,6,0.0,4.67,2.67,Volume faible — Performant
c3acdfac4e3e97ff87529454fbc03642,12,0.08,4.25,5.83,Volume faible — Performant
c3cfdc648177fdbbbb35635a37472c53,278,0.01,4.45,1.24,Volume élevé — Performant
c3e1abd72a42fe690fcd89cf5720fe29,13,0.0,4.46,0.77,Volume faible — Performant
c3e2398fcc7e581cda2e546557bf6968,1,0.0,5.0,5.0,Volume faible — Performant
c3ee2331a724e6fc02c4b698b57a73f3,2,0.0,3.0,1.0,Volume faible — Performant
c3f5668699a1b04c0fa61ecea1e2bff6,3,0.0,5.0,1.0,Volume faible — Performant
c3fe93ba3085f92855c97e57f38c8c05,6,0.0,5.0,3.5,Volume faible — Performant
c42fd8e4d47dfb18ce5222f2dd7752f9,7,0.45,4.0,12.27,Volume faible — Non performant
c43d924a0f1688ee9fae0efcd6f539d4,1,0.0,4.0,15.0,Volume faible — Performant
c447f8dd3ed213f291d65ef074a268eb,7,0.0,3.88,5.12,Volume faible — Performant
c458e2045a8aa8964f8879af03fdcce6,4,0.0,3.11,2.44,Volume faible — Performant
c4af86330efa7a2620772227d2d670c9,4,0.0,4.33,2.25,Volume faible — Performant
c4d51195486dc781531876a7d00453d8,17,0.29,3.94,5.41,Volume faible — Non performant
c4f7fee5b0db50e87766f5a4d1b1b758,5,0.0,4.0,2.4,Volume faible — Performant
c4fabeea6e569d42d02993bb1f4f1cbc,11,0.09,4.0,4.73,Volume faible — Performant
c4fb51fb1c5b7c07bc5e67be6e7e8f6e,15,0.12,3.5,3.75,Volume faible — Non performant
c500367424994318b9e779ff1ae9a330,9,0.11,3.78,5.33,Volume faible — Non performant
c510bc1718f0f2961eaa42a23330681a,12,0.0,4.25,1.08,Volume faible — Performant
c522be04e020c1e7b79f3acff36513d5,6,0.33,4.0,2.5,Volume faible — Non performant
c52c644cc0dc85121207a27013efc6af,1,0.0,5.0,3.0,Volume faible — Performant
c53bcd3be457a342a97e39e5a9f0be22,5,0.0,3.2,2.4,Volume faible — Performant
c54679b132454625907c773d273d4126,7,0.0,4.88,1.38,Volume faible — Performant
c5e60e39c0f42b8e827daa13cff74afa,6,0.0,4.12,0.75,Volume faible — Performant
c5ebe6598748b0aeaa61cfb820478b92,3,0.0,4.67,1.67,Volume faible — Performant
c5f7e746b7e6d07def6c0dae9903279b,10,0.0,4.45,0.91,Volume faible — Performant
c5f7feb04a6a1fb3596322bfc3cf1917,11,0.09,4.27,1.0,Volume faible — Performant
c60b801f2d52c7f7f91de00870882a75,39,0.15,3.44,6.82,Volume faible — Non performant
c611f4ce9ce875bcc063fa97fd4d7d12,1,1.0,4.0,0.0,Volume faible — Non performant
c6218512d16fcac0af02fe92691cf274,8,0.0,4.0,4.75,Volume faible — Performant
c6381b1321d7d97717a5bb4ed5b77882,2,0.0,3.67,1.0,Volume faible — Performant
c6381d2d013342748761e906d45aff76,15,0.0,3.0,6.57,Volume faible — Performant
c64a2aec32cc408a8a4c6d7c46017f91,9,0.0,3.89,6.11,Volume faible — Performant
c66dccfb3f109511246da627dd5a2498,44,0.05,4.57,1.18,Volume faible — Performant
c679fb69a36e1d8349e8c50a217b4d58,14,0.06,3.56,3.82,Volume faible — Performant
c68fb906c8f4b4b946d8386bfa6e5467,45,0.02,4.51,1.04,Volume faible — Performant
c6a7539d424a8402232c2228d7a03c5e,10,0.07,2.6,4.47,Volume faible — Performant
c6bda72e4dbf5c5866b13cb1810c6d03,59,0.03,4.39,1.29,Volume élevé — Performant
c70a353f02429c00775a46a75fb787da,6,0.0,4.67,0.83,Volume faible — Performant
c70c1b0d8ca86052f45a432a38b73958,260,0.05,4.32,2.72,Volume élevé — Performant
c714262700f93defc16bf17a51a4cb23,4,0.0,3.75,2.5,Volume faible — Performant
c716e0b86ed568878475b60fbb6323ad,1,0.0,5.0,2.0,Volume faible — Performant
c7246702dc991a06d788120dc7544391,1,0.0,5.0,2.0,Volume faible — Performant
c72de06d72748d1a0dfb2125be43ba63,21,0.0,4.45,0.77,Volume faible — Performant
c731d18cea9bf687ffee82a241c25b11,24,0.0,3.96,0.92,Volume faible — Performant
c747d5b92c7648417faea95d36d763e8,1,0.0,5.0,3.0,Volume faible — Performant
c74f14c1e26cf1bd5bd34b6a1e274426,1,0.0,5.0,9.0,Volume faible — Performant
c76d418370990614e89e956c7a7567d9,2,0.0,3.5,2.5,Volume faible — Performant
c79151301b9d90985d1fa52879213105,3,0.0,4.86,1.29,Volume faible — Performant
c794dab4928dd97beb41d05514441e86,16,0.12,4.38,1.75,Volume faible — Non performant
c7a0a13cbcf29d5ce51c8f80afdc0b89,8,0.0,4.22,3.11,Volume faible — Performant
c7b7db6c8f3c64a7cc1afa634db21d50,1,1.0,1.0,1.0,Volume faible — Non performant
c7bb64409aa480bb7d0335faaaf3d242,4,0.0,2.25,1.5,Volume faible — Performant
c7c7b2682c648339a0e9846bb1023a39,2,0.0,4.67,3.67,Volume faible — Performant
c7dcd301ecfe5ab7f778ac172cf74be7,3,0.0,3.0,23.67,Volume faible — Performant
c7fdb77fdbff3c41981bc52f787e959e,9,0.09,3.55,4.18,Volume faible — Performant
c8025364abeecb115431bf95c11a747f,2,0.0,4.5,2.5,Volume faible — Performant
c8143b3069f6746a77421b5ce30a450c,1,0.0,5.0,5.0,Volume faible — Performant
c826c40d7b19f62a09e2d7c5e7295ee2,346,0.07,4.09,2.31,Volume élevé — Performant
c840d3fdbba0790404fdae73d253b253,9,0.0,3.93,2.5,Volume faible — Performant
c8417879a15366a17c30af34c798c332,25,0.03,4.03,1.49,Volume faible — Performant
c84592044b180dec206770c38603814b,14,0.0,4.43,1.93,Volume faible — Performant
c8467937e403e76a8ee9f0ab13f6f5ef,30,0.12,4.13,3.88,Volume faible — Non performant
c847e075301870dd144a116762eaff9a,41,0.07,4.2,1.33,Volume faible — Performant
c864036feaab8c1659f65ea4faebe1da,58,0.03,4.57,1.09,Volume élevé — Performant
c8660dcf9ba70575f45d80fe28c27713,4,0.14,4.71,1.14,Volume faible — Non performant
c8665a4dd081a2c436b1cd921079d0d9,1,0.0,5.0,0.0,Volume faible — Performant
c8771b1a10bb99bb34d3c459c5cffb53,1,0.0,5.0,2.0,Volume faible — Performant
c878515173c84a492ebe50d6b493230b,9,0.2,4.2,3.0,Volume faible — Non performant
c87abc38c8ed3240861729e1aeadf221,1,0.0,1.0,2.0,Volume faible — Performant
c89cf7c468a48af70aada384e722f9e2,14,0.07,4.0,3.07,Volume faible — Performant
c8b0e2b0a7095e5d8219575d5e7e1181,84,0.07,4.05,0.78,Volume élevé — Performant
c8b3445d737de6befde0c88ede534a5e,30,0.03,3.97,2.83,Volume faible — Performant
c8c1bea22194a4eefa2dc9a9fa89f536,7,0.0,5.0,0.62,Volume faible — Performant
c8cc60ffd415254af5d9b9f34f32c369,8,0.0,4.67,0.44,Volume faible — Performant
c8e135e7b21ecbc36c1153a29d2f5a06,7,0.0,4.86,2.14,Volume faible — Performant
c963a25b8671419c6ce9eebe8fd03218,1,0.0,5.0,1.0,Volume faible — Performant
c97aa4ee7420f937da13b7f9e2228b99,1,0.0,1.0,5.0,Volume faible — Performant
c990d6cf976a5718aaedc539f383ab88,8,0.44,3.44,13.89,Volume faible — Non performant
c9a06ece156bb057372c68718ec8909b,11,0.0,3.36,2.45,Volume faible — Performant
c9aafcd0621b2207c10e32c649cada4d,40,0.06,4.34,2.26,Volume faible — Performant
c9c7905cffc4ef9ff9f113554423e671,127,0.07,4.16,1.5,Volume élevé — Performant
c9d2ba8dde44a275ae06475ed1d2fafc,1,0.0,5.0,1.0,Volume faible — Performant
c9e5ad1f6647f5dbd1172adf6ae3cada,4,0.0,4.75,2.25,Volume faible — Performant
ca3bd7cd9f149df75950150d010fe4a2,68,0.01,3.79,5.81,Volume élevé — Performant
ca4b77513ac2040591b0d8fae6958380,14,0.13,4.47,1.6,Volume faible — Non performant
ca5832c6960267b71041f74bb39e8b12,1,1.0,1.0,29.0,Volume faible — Non performant
ca77545ca4d2dfd1431bf61334e2fa3c,6,0.0,4.8,2.0,Volume faible — Performant
ca7c6bd577e559472af1c699de9e764e,6,0.0,4.0,1.0,Volume faible — Performant
caa9bc43a9fe8cf9c564ddd8a03cc4a6,13,0.0,4.69,2.07,Volume faible — Performant
cab85505710c7cb9b720bceb52b01cee,201,0.02,4.34,2.61,Volume élevé — Performant
cac4c8e7b1ca6252d8f20b2fc1a2e4af,74,0.18,3.54,5.39,Volume élevé — Non performant
cac4e0bc1a3269fa2b6ea5e763f6115b,2,0.0,5.0,5.0,Volume faible — Performant
cac63f48c38cd7d002a7e846dcd99a23,10,0.0,4.8,1.5,Volume faible — Performant
cac876b37d3abcd6bd76caca30277996,27,0.0,4.56,1.12,Volume faible — Performant
cad10cc982ab6a391570c211b995c17c,1,0.0,5.0,1.0,Volume faible — Performant
cad9969167c09b48ae6f1d123f7fa68d,1,0.0,5.0,0.0,Volume faible — Performant
cb0b3bcf14e0a709df412a99424a59d7,2,0.0,4.5,5.0,Volume faible — Performant
cb162c8eef257253782d245c08d9097c,1,0.0,5.0,2.0,Volume faible — Performant
cb32766839f443db85c82a43c4a6c19e,2,0.0,3.0,3.0,Volume faible — Performant
cb3dd9ce66268c7a3ca7241ac70ab58c,48,0.04,4.2,4.6,Volume faible — Performant
cb41bfbcbda0aea354a834ab222f9a59,11,0.36,3.27,7.0,Volume faible — Non performant
cb4a705d00e100b9732d0ca34817d441,1,0.0,1.0,3.0,Volume faible — Performant
cb5df0dcb9e280b1780e9d589889f2c7,11,0.17,3.55,7.0,Volume faible — Non performant
cb5ff1b9715e99589f3e0c7a6afab9e3,4,0.0,4.0,1.25,Volume faible — Performant
cb6c9f5888a7a090c75beaf615925792,11,0.0,3.82,0.64,Volume faible — Performant
cb810bd318f51b3dc3c753944d61a1fa,1,0.0,4.0,3.0,Volume faible — Performant
cb8bcce248bb1fb274ba762d8b971456,66,0.01,4.34,1.48,Volume élevé — Performant
cb9fb4ca75d7ba8437480e8dde64fe98,10,0.0,4.0,1.0,Volume faible — Performant
cbbd5ae8f53de5f5097cd8217b529e24,1,0.0,4.0,3.0,Volume faible — Performant
cbd996ad3c1b7dc71fd0e5f5df9087e2,160,0.08,4.13,1.52,Volume élevé — Performant
cbf09e831b0c11f6f23ffb51004db972,10,0.0,4.4,1.2,Volume faible — Performant
cc1f04647be106ba74e62b21f358af25,1,0.0,1.0,5.0,Volume faible — Performant
cc3d14116804f7209f3884f6367f1152,27,0.0,4.67,2.47,Volume faible — Performant
cc419e0650a3c5ba77189a1882b7556a,1651,0.05,4.14,2.37,Volume élevé — Performant
cc5a78bbad32776dc4e3af205218368c,33,0.03,4.47,1.0,Volume faible — Performant
cc63f0dd2acba93ffed4fe9f8e0321fa,55,0.0,4.05,1.43,Volume élevé — Performant
cc80e2f693fa6e2408f47ccf62413fc1,2,0.0,4.0,3.0,Volume faible — Performant
cca3071e3e9bb7d12640c9fbe2301306,699,0.05,3.88,3.39,Volume élevé — Performant
ccada0ef508e698917a6eab263375905,3,0.0,3.67,1.0,Volume faible — Performant
ccb83a794700270fde70898fe9ff368b,12,0.17,4.33,1.42,Volume faible — Non performant
ccbd753e6863fe7314dc6c0ca5a074e7,1,0.0,4.0,0.0,Volume faible — Performant
ccc4bbb5f32a6ab2b7066a4130f114e3,184,0.06,4.32,2.83,Volume élevé — Performant
cce6ab8d1682639fe45ab70234f1665f,61,0.03,4.53,6.7,Volume élevé — Performant
ccf8813e5a7d6c84d865cd38bfc2b130,26,0.04,4.38,1.69,Volume faible — Performant
cd06602b43d8800bd0afad514919d35c,43,0.04,3.73,3.79,Volume faible — Performant
cd2169d9f31ff6fbb9ca3373b0c9e354,1,0.0,4.0,0.0,Volume faible — Performant
cd233f8bfa30ebfd651f47ee7d054951,1,0.0,5.0,2.0,Volume faible — Performant
cd3d09fbe6e3e9ff0c0ac0c300e93ae7,12,0.08,4.17,1.42,Volume faible — Performant
cd52a8efd71af3336b14b5039b951cc1,2,0.0,3.0,1.0,Volume faible — Performant
cd68562d3f44870c08922d380acae552,122,0.18,3.91,3.4,Volume élevé — Non performant
cd6efc47efaabf134f8bdb654e10b4f1,31,0.06,4.5,0.94,Volume faible — Performant
cd843d4cf8ef32827de0396605163ba3,5,0.0,3.8,4.8,Volume faible — Performant
cda598c48d7c614bc1cad7d8ff6f0010,17,0.0,3.94,0.67,Volume faible — Performant
ce20a2ec1514c25e16f2b5b39bc818f0,4,0.0,4.86,2.43,Volume faible — Performant
ce248b21cb2adc36282ede306b7660e5,64,0.08,4.25,1.94,Volume élevé — Performant
ce27a3cc3c8cc1ea79d11e561e9bebb6,122,0.01,4.12,2.62,Volume élevé — Performant
ce33c6211beaa8fef4cae8b52db39862,1,0.0,3.0,2.0,Volume faible — Performant
ce3ad9de960102d0677a81f5d0bb7b2d,1,0.0,5.0,0.0,Volume faible — Performant
ce4755084bc097113867e6454f8f5e52,1,0.0,5.0,1.0,Volume faible — Performant
ce616e1913288884e7742faac9d981db,14,0.05,4.64,0.86,Volume faible — Performant
ce69a8021d18961dd2a40269b7c2c293,19,0.05,4.47,0.89,Volume faible — Performant
ce7d1888639e6fb06b2749cbfdac1ff7,78,0.08,4.11,1.99,Volume élevé — Performant
cea729054f157f5870bdd321a958d994,24,0.04,4.19,1.04,Volume faible — Performant
ceaec5548eefc6e23e6607c5435102e7,198,0.05,4.2,2.68,Volume élevé — Performant
cecd97bc34ed8330bd4cd15713eda670,1,0.0,1.0,1.0,Volume faible — Performant
cee48807215b30a12ca2ca10ffb5f250,39,0.12,3.7,11.4,Volume faible — Non performant
cf1313c6e2c01c2f4b014f97db4bcd2b,5,0.0,5.0,1.2,Volume faible — Performant
cf2384dd2f1dddea3f838efed0945e65,16,0.0,3.94,2.94,Volume faible — Performant
cf654707ed6a99f112c7ec3d6f314b8b,3,0.0,4.75,2.75,Volume faible — Performant
cf8ab1616079e2793aa29d524df01bb1,6,0.17,2.5,15.83,Volume faible — Non performant
cfa5ab0e4d3fc212fd0b3410e7081c62,15,0.0,3.65,4.05,Volume faible — Performant
cfb1a033743668a192316f3c6d1d2671,143,0.09,4.03,3.37,Volume élevé — Performant
cfd7ddab722b902f7ac5b5f3ba6d723d,12,0.0,4.54,0.62,Volume faible — Performant
cfe94489ddd337d1e29e12f2a7205d10,20,0.08,4.12,1.83,Volume faible — Performant
d03698c2efd04a549382afa6623e27fb,18,0.05,4.52,2.33,Volume faible — Performant
d05ae8f7a5bd1d2a690a44cd079e4e27,77,0.06,3.82,2.06,Volume élevé — Performant
d06d019f72a04e5497a0b64190af170c,17,0.0,4.53,1.59,Volume faible — Performant
d0d70d21e2234dd7cd3cf63fe414148a,8,0.0,4.22,1.33,Volume faible — Performant
d101c6da914ae3d53f7bee42283f2fe2,13,0.06,3.81,4.44,Volume faible — Performant
d12c926d74ceff0a90a21184466ce161,76,0.01,4.13,1.32,Volume élevé — Performant
d13e50eaa47b4cbe9eb81465865d8cfc,66,0.09,4.81,1.0,Volume élevé — Performant
d149de2f383552baea37a7198c2296ce,3,0.0,5.0,1.67,Volume faible — Performant
d1582f4043306e6b91afa6a8a884f898,9,0.11,4.11,1.44,Volume faible — Non performant
d17f467e4bf608a510c20d82f4ba3b6b,11,0.18,4.27,5.0,Volume faible — Non performant
d180e07dc1e58c31c3f0cd599dc4d945,1,0.0,3.0,0.0,Volume faible — Performant
d197aa8fbc64087f61984deef05f6227,6,0.0,4.71,2.86,Volume faible — Performant
d1a5cc844736958c11b8efab9a2b4c87,1,1.0,1.0,22.0,Volume faible — Non performant
d1aa1ec0839dcab73a6161130eb1f94a,1,1.0,4.0,15.0,Volume faible — Non performant
d1b65fc7debc3361ea86b5f14c68d2e2,39,0.02,4.65,1.75,Volume faible — Performant
d1b9d4be4b6f9ebd85f8acd6745ba612,11,0.0,4.18,3.73,Volume faible — Performant
d1c281d3ae149232351cd8c8cc885f0d,214,0.06,3.8,1.67,Volume élevé — Performant
d1c7fa84e48cfa21a0e595167c1c500e,12,0.0,4.33,1.83,Volume faible — Performant
d1ef48b38baca7e831711c4a0aeb398f,28,0.09,4.53,1.35,Volume faible — Performant
d20b021d3efdf267a402c402a48ea64b,86,0.17,3.69,3.8,Volume élevé — Non performant
d23019c84ffae2d5ef2270367b8605fc,39,0.03,4.41,2.26,Volume faible — Performant
d2374cbcbb3ca4ab1086534108cc3ab7,514,0.05,3.69,4.13,Volume élevé — Performant
d2572f31e9023e9850ef986a636ff9bf,1,0.0,5.0,2.0,Volume faible — Performant
d25aa0aaacb370e912f8cf6efeba38b3,17,0.05,4.52,1.0,Volume faible — Performant
d263fa444c1504a75cbca5cc465f592a,1,0.0,5.0,0.0,Volume faible — Performant
d26aa40b90272d4843d63be7c1462c8d,2,0.0,4.5,0.5,Volume faible — Performant
d297f1055de2956aedfd3b04113dce3e,1,0.0,4.0,2.0,Volume faible — Performant
d29ba1220fb8634fa3a107e54497b8a4,9,0.0,3.22,0.89,Volume faible — Performant
d2df77822373f19934e87694d8640767,2,0.0,3.0,13.0,Volume faible — Performant
d2e753bb80b7d4faa77483ed00edc8ca,14,0.07,3.73,2.0,Volume faible — Performant
d2f3e277560ed4c6361284429b00f037,7,0.0,4.71,1.57,Volume faible — Performant
d32e3909cfb714fb2a6cb092c85b9c5f,10,0.18,3.64,11.0,Volume faible — Non performant
d354c38a7182125a748cb10474fe963b,17,0.05,4.39,4.47,Volume faible — Performant
d3674f271c91f824f82d24d92011f669,20,0.1,4.1,1.45,Volume faible — Performant
d36b07fd3c5088e477a72d1fccfe29d4,1,0.0,5.0,2.0,Volume faible — Performant
d379f449f2a3b271bc01c0782020f705,28,0.03,3.93,1.97,Volume faible — Performant
d3891911c2feae53c52fea2bd14054e5,2,0.0,5.0,0.0,Volume faible — Performant
d3dcf0604eabf0224fbd5948b5e02f69,9,0.33,3.89,1.33,Volume faible — Non performant
d3e7d37c0df9aef383f3f2a15b0dddfb,1,0.0,5.0,3.0,Volume faible — Performant
d3f39f05462b79a4562d35893a28f159,33,0.14,3.32,1.16,Volume faible — Non performant
d4828feed4cda2cd9d6b37899a95a71e,1,0.0,2.0,0.0,Volume faible — Performant
d4910f1cdcfdabd48d6b316e395d4a23,11,0.0,4.92,1.75,Volume faible — Performant
d4a5e99e0dd915df64ba55a7fbd583fd,2,0.0,1.67,4.83,Volume faible — Performant
d4d99b60c4c94cd35acd502cec65dc8d,1,0.0,3.0,16.0,Volume faible — Performant
d4e12e7884759a14fa0f5f896c791cae,29,0.06,4.62,1.66,Volume faible — Performant
d4e4b5192cba4e0e66eb12a9d347239d,11,0.0,4.45,2.82,Volume faible — Performant
d4f117125b59ce73c3302f88ee40c458,17,0.0,4.82,1.47,Volume faible — Performant
d4f91e8be86b38da2ee35bc489645a9d,1,0.0,5.0,16.0,Volume faible — Performant
d4ffeb15b67e81ff9af2b4252d99fb7e,11,0.0,4.3,1.33,Volume faible — Performant
d50d79cb34e38265a8649c383dcffd48,70,0.04,4.25,1.91,Volume élevé — Performant
d51e0a403fe2e689ece6c73359d96e12,18,0.08,4.32,2.48,Volume faible — Performant
d52cbce9845184537284a23c3bc3da0e,2,0.0,5.0,3.0,Volume faible — Performant
d558ebe531605a1285ab2b1bc3256dfb,3,0.0,4.67,2.0,Volume faible — Performant
d566c37fa119d5e66c4e9052e83ee4ea,65,0.0,4.72,0.84,Volume élevé — Performant
d57e18d5f73c7ccb7f7339b61166898d,61,0.0,4.44,1.35,Volume élevé — Performant
d58d521f3789def2e7a22715e0badd93,2,0.0,3.5,2.0,Volume faible — Performant
d594982fd877af63ace38ea1fca27c76,7,0.0,4.43,2.71,Volume faible — Performant
d598f929fc44e1e38678e7f47250ec04,1,0.0,5.0,4.0,Volume faible — Performant
d5b9a084373da994a6e37f732169a853,7,0.14,3.57,6.57,Volume faible — Non performant
d5ba419e26d246a0719437cf37d9b46d,33,0.09,3.91,2.09,Volume faible — Performant
d5c530f4884a75ae0dba9c148718d278,5,0.12,2.88,2.12,Volume faible — Non performant
d624126b9206f595fb3fbb6ba03b28a8,23,0.04,4.33,1.96,Volume faible — Performant
d63c73efd41eb002280e7ec831424edb,2,0.0,4.0,0.5,Volume faible — Performant
d63f306de130e0391d38a792541723b8,1,0.0,5.0,2.0,Volume faible — Performant
d650b663c3b5f6fb392b6326366efa9a,57,0.05,4.37,1.3,Volume élevé — Performant
d66c11a9572221d92fbb8c4897db5f9b,16,0.0,4.56,1.19,Volume faible — Performant
d66c305afaec317ebee552073a674429,38,0.02,4.52,2.7,Volume faible — Performant
d673a59aac7a70d8b01e6902bf090a11,79,0.07,3.96,1.79,Volume élevé — Performant
d6ab728cf30867cf3f1a2e216ae2f9b7,12,0.0,4.43,1.57,Volume faible — Performant
d6b1ce66b035a475f00c017792ff9769,92,0.06,4.17,2.26,Volume élevé — Performant
d6b664fa0667064c6d76394e7848d790,6,0.0,4.83,4.0,Volume faible — Performant
d6cd01c59123df02fc226eadbadb5f89,1,0.0,5.0,10.0,Volume faible — Performant
d71d863e5ef30d94e440c11be17dcd8f,23,0.1,3.57,10.6,Volume faible — Performant
d73cbd89533ce8b041a9190241453ac8,3,0.0,4.33,1.33,Volume faible — Performant
d7485b33791774c36108f8c69602d48d,10,0.1,3.7,1.0,Volume faible — Performant
d7827b2af99326a03b0ed9c7a24db0d3,1,0.0,5.0,5.0,Volume faible — Performant
d79e8478eed9999493990b44955fb22e,5,0.2,4.0,0.4,Volume faible — Non performant
d7ab82074b5f1dfba46db123df101bff,2,0.0,4.33,1.0,Volume faible — Performant
d7b2377bae6ace1b11fc69a11900ac36,3,0.33,3.67,2.67,Volume faible — Non performant
d7d517afce974cd491b8d52bb5b5b1fc,1,0.0,4.0,5.0,Volume faible — Performant
d7f1cfc638473be93baedbfd02208016,1,0.0,5.0,5.0,Volume faible — Performant
d85efbc8eff2b7adf524e2820569adc8,1,0.0,5.0,1.0,Volume faible — Performant
d8b8f2cf9ff6ba0389072541cb42498c,1,0.0,5.0,1.0,Volume faible — Performant
d8bf0fc082fd4a77fc2e5679b6c00133,1,0.0,5.0,0.0,Volume faible — Performant
d8c7ba53e7e38711eaef8c2849d6d2e1,22,0.0,4.5,1.23,Volume faible — Performant
d8cf3b6a2151949f930d0252b180ec42,6,0.0,3.0,2.11,Volume faible — Performant
d8d9567d0bfb0bc7eb845a205ba42657,4,0.25,3.5,1.25,Volume faible — Non performant
d8dd176509baa37f359644d082bf7f7b,2,1.0,1.5,8.5,Volume faible — Non performant
d90fe2229fee1a5da999ccd0c06c1667,3,0.0,4.67,0.33,Volume faible — Performant
d91fb3b7d041e83b64a00a3edfb37e4f,524,0.04,4.15,2.62,Volume élevé — Performant
d921b68bf747894be13a97ae52b0f386,77,0.01,4.56,0.84,Volume élevé — Performant
d93844a9c55ba7ce353388bcf849ea56,12,0.0,4.21,6.14,Volume faible — Performant
d93919c944be9cff128f6c9cb899eacb,33,0.15,4.0,5.21,Volume faible — Non performant
d93b8458c6fe139d85cfa5eadbf55bd2,1,0.0,5.0,1.0,Volume faible — Performant
d9442042130b7fe579d1295f9f4a248f,19,0.05,4.23,4.18,Volume faible — Performant
d94a40fd42351c259927028d163af842,100,0.03,4.13,2.22,Volume élevé — Performant
d94ba08b99bedd6a5f6c875ecc4a6fac,8,0.0,4.78,2.22,Volume faible — Performant
d97df38225e5abadaff1e72cb72b823c,28,0.14,3.93,1.5,Volume faible — Non performant
d98eec89afa3380e14463da2aabaea72,168,0.02,4.29,2.03,Volume élevé — Performant
d9a84e1403de8da0c3aa531d6d108ba6,53,0.05,4.62,0.88,Volume élevé — Performant
d9b00a97818674c7f8d8b1ef0e689679,1,0.0,3.0,1.0,Volume faible — Performant
d9bd94811c3338dceb4181f3dbc0c73e,54,0.05,4.82,1.02,Volume élevé — Performant
d9c349beabc06aa6ff1c6d68b5e9e22e,1,0.0,5.0,8.0,Volume faible — Performant
d9cb0052a666de5308b32f32ad5f1b1c,3,0.0,3.67,2.33,Volume faible — Performant
d9cd369bffa979d1634f8e1318bf2f1b,3,0.0,5.0,1.0,Volume faible — Performant
d9d43faf741ceaa8da52fdbb81d9e0e3,4,0.0,3.67,2.83,Volume faible — Performant
d9e7e7778b32987280a6f2cb9a39c57d,11,0.15,3.15,4.15,Volume faible — Non performant
d9e8c084b68fe958861d8f2c21202e6b,9,0.0,4.17,2.92,Volume faible — Performant
da03c298e3999e9d828591fc2179d109,4,0.0,4.8,4.0,Volume faible — Performant
da20530872245d6cd9d2f5725613c430,2,0.0,4.67,2.67,Volume faible — Performant
da2782c804606d2a5d8e1760dbb3e7ec,1,1.0,1.0,8.0,Volume faible — Non performant
da3fede3469bf49b7293ce3fc45b294d,1,0.0,5.0,5.0,Volume faible — Performant
da6a60cc8cc724fe51be021ff8be779c,12,0.0,4.77,1.38,Volume faible — Performant
da7039f29f90ce5b4846ffc0fcc93beb,17,0.06,4.56,0.67,Volume faible — Performant
da8622b14eb17ae2831f4ac5b9dab84a,1311,0.06,4.07,2.27,Volume élevé — Performant
dace965ca58120f92f8d742a9fa1864b,8,0.0,4.62,2.12,Volume faible — Performant
daeb5653dd96c1b11860f72209795012,38,0.08,4.23,2.0,Volume faible — Performant
daf565f087a52def0fd5c5825b3661bc,9,0.0,3.62,1.56,Volume faible — Performant
db1f0f7c7e5e87f40b62226f020bb297,3,0.0,4.67,1.0,Volume faible — Performant
db2956745b3a8e9f3785c99f34b5d25e,45,0.09,3.8,6.98,Volume faible — Performant
db4350fd57ae30082dec7acbaacc17f9,136,0.04,4.15,1.9,Volume élevé — Performant
db46ca7bce82b11f7e247539271fc390,16,0.0,4.56,1.81,Volume faible — Performant
db6a4d4b5f1f5f98820ce6ce2619e2de,1,0.0,5.0,1.0,Volume faible — Performant
db7ed69a53aa9fb1c01930ba54a88bbe,1,0.0,5.0,2.0,Volume faible — Performant
dbb9b48c841a0e39e21f98e1a6b2ec3e,108,0.04,4.2,1.84,Volume élevé — Performant
dbbcfe2c8d026742134ac3e28ccde274,4,0.0,4.0,3.25,Volume faible — Performant
dbc22125167c298ef99da25668e1011f,394,0.02,4.27,0.99,Volume élevé — Performant
dbc51f5e45d654ecc16cb68e6817ecea,1,0.0,4.0,7.0,Volume faible — Performant
dbd66278cbfe1aa1000f90a217ca4695,85,0.04,4.45,0.9,Volume élevé — Performant
dbdd0ec73a4817971d962698f2fea022,16,0.06,4.38,0.88,Volume faible — Performant
dbec9a0a7efeff029d4d9dce7dc4cc95,3,0.0,4.0,2.0,Volume faible — Performant
dc120d932ddf9d4dfb6fd68beefda622,1,0.0,1.0,1.0,Volume faible — Performant
dc317f341ab0e22f39acbd9dbf9b4a1f,55,0.05,4.12,2.53,Volume élevé — Performant
dc4a0fc896dc34b0d5bfec8438291c80,225,0.07,3.82,3.52,Volume élevé — Performant
dc50afafdfa325eadc890c7fa42a8f4e,4,0.0,4.75,0.5,Volume faible — Performant
dc64d75cc406bb0697be983831430e60,4,0.0,4.75,0.5,Volume faible — Performant
dc7192adf8ba09569261f4a8d576afe0,7,0.0,3.62,1.12,Volume faible — Performant
dc8798cbf453b7e0f98745e396cc5616,35,0.07,3.49,7.4,Volume faible — Performant
dcb7367a92f5ffb89f1e2152ed260285,1,0.0,5.0,2.0,Volume faible — Performant
dcf3755cefcdc158ad0b7bdde51e871b,3,0.0,4.0,2.67,Volume faible — Performant
dd264199fc8b687ad029de7de6d760e6,1,0.0,5.0,8.0,Volume faible — Performant
dd2bdf855a9172734fbc3744021ae9b9,105,0.05,3.83,5.25,Volume élevé — Performant
dd39ad39b5d3df33037e141c72497ba6,2,0.0,5.0,1.0,Volume faible — Performant
dd4d95ba2d15c071e6c695e2ef6ce169,4,0.5,4.25,4.0,Volume faible — Non performant
dd533b429f380718b70ad9922c294bae,39,0.09,3.86,4.05,Volume faible — Performant
dd5450b022b2d00a2145a66331e1aef6,1,0.0,5.0,0.0,Volume faible — Performant
dd55f1bb788714a40e7954c3be6df745,35,0.16,3.81,3.54,Volume faible — Non performant
dd58ee93286b0821565574c570e9e1dc,2,0.0,5.0,7.0,Volume faible — Performant
dd7ddc04e1b6c2c614352b383efe2d36,121,0.11,3.78,6.44,Volume élevé — Non performant
dd88d13bea9e4c2bf47daf224f8141e5,1,0.0,5.0,1.0,Volume faible — Performant
dd8a29ce82d5c705ba932d81494600a5,2,0.0,3.5,5.0,Volume faible — Performant
dd9661d3cda1e6feb237f0c4d8b26f2e,1,0.0,5.0,5.0,Volume faible — Performant
dda37071807e404c5bb2a1590c66326f,1,0.0,5.0,1.0,Volume faible — Performant
ddd51ae8cda92f3995a51fc0f0f3eec7,8,0.0,4.6,0.84,Volume faible — Performant
dde698c6d0bd24834c586e5111c2bba7,1,0.0,5.0,1.0,Volume faible — Performant
de09d00cfc265b8804c7df34075a68fa,3,0.0,3.33,1.0,Volume faible — Performant
de0c78824586e9a5f5f04fd84e25df39,14,0.0,4.44,0.5,Volume faible — Performant
de23c3b98a88888289c6f5cc1209054a,161,0.07,4.31,1.93,Volume élevé — Performant
de66a66f2dd06bb9ec37aa96987466a3,7,0.0,4.25,6.12,Volume faible — Performant
de722cd6dad950a92b7d4f82673f8833,337,0.03,4.17,1.7,Volume élevé — Performant
de9727ca376d1be6ec121b110aa7954c,9,0.09,3.64,3.36,Volume faible — Performant
debe6615cd90cc0c2eac2b8988e1f628,5,0.0,4.6,0.8,Volume faible — Performant
dedcab67899479e4ea5dcc4eba47f587,2,0.0,4.5,2.0,Volume faible — Performant
dee656f0f566ed1aa85bd137c943f08f,92,0.04,4.38,1.23,Volume élevé — Performant
df0f42bc4c2142eacf0eaf2cffd0cfbb,14,0.0,4.06,4.0,Volume faible — Performant
df47da4ae86fa4db890d05aaf24e21d8,5,0.0,4.2,1.4,Volume faible — Performant
df560393f3a51e74553ab94004ba5c87,26,0.07,3.93,6.0,Volume faible — Performant
df56d7b40d437f88407c5f78b63bc328,22,0.04,3.88,1.96,Volume faible — Performant
df683dfda87bf71ac3fc63063fba369d,1,1.0,1.0,3.0,Volume faible — Non performant
df91910b6a03bb2e3358fa6a35e32f6f,13,0.0,4.62,1.92,Volume faible — Performant
dfa0c4c6229ab200a4a1336b4d7128ff,77,0.01,4.01,0.48,Volume élevé — Performant
dfc475d54e1b6dbeeb7d7d9bdaa63827,18,0.0,4.55,5.3,Volume faible — Performant
dfc5fb7259bb2b599ca565e6e9448f0f,33,0.06,4.12,3.38,Volume faible — Performant
e00d85ce20ea50c1224c66ca5050527d,1,0.0,4.0,1.0,Volume faible — Performant
e0482f2c769468c3bbcd8a01e09d98c5,1,0.0,4.0,2.0,Volume faible — Performant
e0487761face83d64fcada2408959a36,2,0.0,4.5,1.0,Volume faible — Performant
e067ad2c1c0b48758eb1b5228bcf7a68,54,0.07,4.13,5.56,Volume élevé — Performant
e06f09ec0a4aca210779cf1cfc63cf19,29,0.06,4.03,5.84,Volume faible — Performant
e0878efa0e0b7e5313ac0b43bc04c081,26,0.14,3.54,2.54,Volume faible — Non performant
e09887ca8c7bf8a4621ce481820414ef,2,0.33,3.67,38.0,Volume faible — Non performant
e0a366315b1b726b6c7832d664c0f530,43,0.02,4.33,1.08,Volume faible — Performant
e0a3c37054ade6478d923a6efc10f308,2,0.0,5.0,0.5,Volume faible — Performant
e0b162a693bc7f9eab00f783a31d60ea,1,0.0,5.0,0.0,Volume faible — Performant
e0eabded302882513ced4ea3eb0c7059,8,0.0,4.62,2.25,Volume faible — Performant
e1643dff33666ca629e3644c02738179,3,0.0,4.33,1.67,Volume faible — Performant
e1b12447a7563944843191754aeb5562,9,0.3,4.5,1.6,Volume faible — Non performant
e1bed63d68ac36fe1f3061befe196af5,1,0.0,5.0,0.0,Volume faible — Performant
e1c76f339ebd5460999f25a2aa8c92c5,1,0.0,5.0,5.0,Volume faible — Performant
e1dc0754bada9ee4cfe9713f22f61292,12,0.0,3.83,0.67,Volume faible — Performant
e21a1e8be4715b0fcfd5385643bc49c4,20,0.0,3.7,6.0,Volume faible — Performant
e24d3429d294b2eb200b064ebb035879,19,0.05,4.14,0.55,Volume faible — Performant
e24fc9fcd865784fb25705606fe3dfe7,51,0.07,4.18,1.6,Volume élevé — Performant
e250d617a0ad591ba9bd663e584a895d,8,0.0,2.8,1.15,Volume faible — Performant
e256a62e0ac58c0edfba09966142d561,12,0.0,4.5,1.71,Volume faible — Performant
e26901d5ab434ce92fd9b5c256820a4e,197,0.01,4.14,2.3,Volume élevé — Performant
e2a1ac9bf33e5549a2a4f834e70df2f8,5,0.0,4.8,4.2,Volume faible — Performant
e2aee0892199b1d92530e371abd825bf,36,0.13,3.9,2.79,Volume faible — Non performant
e2c92f9c1c7746d899d18f2e158bbff7,12,0.0,4.58,0.5,Volume faible — Performant
e333046ce6517bd8bb510291d44f0130,68,0.04,4.39,1.64,Volume élevé — Performant
e38db885400cd35c71dfd162f2c1dbcf,30,0.09,4.5,2.66,Volume faible — Performant
e3a386fc36e22064434e1fa256f6a9fa,16,0.12,4.24,1.53,Volume faible — Non performant
e3b4998c7a498169dc7bce44e6bb6277,1,0.0,5.0,3.0,Volume faible — Performant
e3d3b3efac954a60d61be70b7e05b49b,3,0.0,4.33,3.33,Volume faible — Performant
e3dd723429d1b23614b7fa85e2c7a853,7,0.12,3.38,3.62,Volume faible — Non performant
e3e290b38963293022cdcd6db8328103,3,0.0,3.33,3.67,Volume faible — Performant
e433f5fd4050e3352b5d83522b7fe24b,1,0.0,4.0,4.0,Volume faible — Performant
e439f7176d763f92de325271111b2fd5,6,0.0,5.0,1.17,Volume faible — Performant
e45edf75f568ed2f93f78d060e246e25,6,0.0,4.14,3.29,Volume faible — Performant
e48b04bf1aa1ef711caebeb7aede6180,25,0.0,4.48,1.56,Volume faible — Performant
e48cc16ab70bfa09e1401740dce0b3d7,14,0.0,3.24,3.29,Volume faible — Performant
e49c26c3edfa46d227d5121a6b6e4d37,34,0.0,4.51,1.23,Volume faible — Performant
e4ebd3f87bf70440014f07ddda7fbe03,7,0.0,4.57,1.71,Volume faible — Performant
e4f121bf6ef8b9a1d4d3e65dd0473fab,2,0.5,3.0,1.0,Volume faible — Non performant
e4fc40017a6d22c46a14ac2e17f87c3e,1,0.0,5.0,5.0,Volume faible — Performant
e503f22be6a4f456d9851920a5d9c670,2,0.0,4.0,2.0,Volume faible — Performant
e504a4e2efaa45cbff7e268a2c58c956,10,0.27,3.91,6.27,Volume faible — Non performant
e51f22821f0c12a16ad5c020cdcd55e9,4,0.0,4.75,2.25,Volume faible — Performant
e53d5b9b29d1218281f4a907ada18626,4,0.0,4.8,2.2,Volume faible — Performant
e546117ed9cafbc40239c0c78635c584,2,0.0,4.5,2.5,Volume faible — Performant
e5475dcab1e07b63d7f6e902d8f5eda8,19,0.05,4.11,0.58,Volume faible — Performant
e5545d4d4473876ea78c5bcebca365c3,1,0.0,5.0,1.0,Volume faible — Performant
e560e4022d8f7aebf155db95946c5c0f,2,0.0,5.0,1.5,Volume faible — Performant
e5899683388855d3dabe8913bbe365de,3,0.0,4.0,1.0,Volume faible — Performant
e58a5b390e28abc0b216cfb0e07d27d7,7,0.0,4.86,1.0,Volume faible — Performant
e595809a6c31ec4314fd06ef198c244d,1,0.0,5.0,1.0,Volume faible — Performant
e59aa562b9f8076dd550fcddf0e73491,69,0.07,4.33,2.55,Volume élevé — Performant
e59e489e2ea74bd409b798b5daf49de3,3,0.0,2.2,6.6,Volume faible — Performant
e59e575a175fadcadf8479e191770425,1,0.0,5.0,3.0,Volume faible — Performant
e5a3438891c0bfdb9394643f95273d8e,216,0.16,3.88,3.51,Volume élevé — Non performant
e5a38146df062edaf55c38afa99e42dc,120,0.07,3.97,2.63,Volume élevé — Performant
e5bd51692380fd8cabb19b756b95e714,2,1.0,3.0,24.0,Volume faible — Non performant
e5c84227854980f1db19a58958c551d9,4,0.0,4.75,5.25,Volume faible — Performant
e5cbe890e679490127e9a390b46bbd20,2,0.0,4.5,0.5,Volume faible — Performant
e5d4b2b0c3bca22085f7a19a28de0c42,4,0.0,4.5,1.25,Volume faible — Performant
e5def42655b7490edac5a56fe8e9e603,1,0.0,5.0,0.0,Volume faible — Performant
e5e33c0d8e7e002f398f5dc4cbbb338f,26,0.07,4.59,1.33,Volume faible — Performant
e5f9e61ceb5f523cc966e0f34095032f,4,0.25,4.0,6.5,Volume faible — Non performant
e601b04acf48b4576e73ddca9481f0dc,15,0.0,3.88,1.19,Volume faible — Performant
e603cf3fec55f8697c9059638d6c8eb5,7,0.0,4.7,1.0,Volume faible — Performant
e627629ba868740e287800f1a9be81c2,11,0.0,4.91,1.45,Volume faible — Performant
e62b2d6ac10570a035a30bafcf01d263,62,0.14,3.83,4.79,Volume élevé — Non performant
e63e8bfa530fb16910dd6956e592bb81,41,0.05,4.33,1.86,Volume faible — Performant
e644cbadf7eeb30d0d29f335ce7d52ec,7,0.0,4.0,1.0,Volume faible — Performant
e64882b4ef12aee8d0faca4db5b681f4,1,0.0,4.0,4.0,Volume faible — Performant
e64d65bc8dbec2accda90c58de5d1246,12,0.25,3.08,3.92,Volume faible — Non performant
e64ddbe1cbcf4f2fc3092b7c481f3f9d,1,0.0,5.0,3.0,Volume faible — Performant
e6a69c4a27dfdd98ffe5aa757ad744bc,21,0.0,4.3,4.13,Volume faible — Performant
e70053bf73d1b5863932e53a9fa47496,7,0.0,4.29,3.29,Volume faible — Performant
e72b4feb7abe210c52aa667abc25a3a2,1,0.0,5.0,2.0,Volume faible — Performant
e732329483fd5f27367dd997b47f598a,1,0.0,5.0,1.0,Volume faible — Performant
e73bf2cea7fe4b0b4d287a7568ed1099,4,0.0,5.0,0.4,Volume faible — Performant
e76ecc7e9a1a1e3c6df9d2a8261c423d,1,0.0,5.0,4.0,Volume faible — Performant
e7d5b006eb624f13074497221eb37807,28,0.03,3.11,4.87,Volume faible — Performant
e7df4cd29ab5abab70fb0783ddb53987,23,0.08,4.29,3.38,Volume faible — Performant
e7f3bf1ecd8526eb7f3b18059e6716e5,17,0.0,4.44,0.94,Volume faible — Performant
e819bcfade7b5d88a27325eb6cfd62c5,5,0.09,3.55,4.73,Volume faible — Performant
e81e1f9c3e762e620f3fb60a51499e16,17,0.11,3.82,6.0,Volume faible — Non performant
e82de6494d91d3c4c54450f59b227a94,3,0.33,5.0,2.33,Volume faible — Non performant
e83c76265fc54bf41eac728805e4da77,8,0.12,3.62,1.5,Volume faible — Non performant
e83e93b71371817b11d78a63ff156aee,2,0.0,4.67,9.33,Volume faible — Performant
e84ad2127668df3aafc6b73531a0beb8,19,0.04,4.39,1.57,Volume faible — Performant
e88165a185134e13fdfc85d4fa654db8,2,0.5,3.0,1.0,Volume faible — Non performant
e882b2a25a10b9c057cc49695f222c19,57,0.0,4.59,3.17,Volume élevé — Performant
e883aa812c37a7413226856f4579fe91,26,0.03,3.9,2.79,Volume faible — Performant
e88c9b79e592e370d6bd852eeefbf057,8,0.0,4.78,1.67,Volume faible — Performant
e88f7a2995ba184710d339c5c4bf2e30,2,0.0,5.0,0.5,Volume faible — Performant
e89c4adbe7b1d0819dbb636e16461cf1,24,0.12,3.88,2.92,Volume faible — Non performant
e8a85b5f3df47be0984c55fd4064dbb4,8,0.14,4.71,5.14,Volume faible — Non performant
e8b3a3a38279a82f0e5d006d5e5b7d2c,80,0.04,3.93,5.52,Volume élevé — Performant
e8b4225284fbb02d16f200513f1f395d,30,0.1,4.3,0.97,Volume faible — Performant
e8dba4d70f7f2b20e775d09cae01142d,9,0.11,4.33,0.89,Volume faible — Non performant
e8f6dc8e6a1dcde89d20e3995c8d90b3,35,0.07,3.57,5.07,Volume faible — Performant
e8ff5a6ceb895583033fc2a0f314e3c2,1,0.0,5.0,0.0,Volume faible — Performant
e908c0f3646e8b60375734a350d95d71,1,0.0,4.0,7.0,Volume faible — Performant
e94b64dc6979b302a5a5be1662c83bb6,2,0.0,5.0,2.0,Volume faible — Performant
e9511df20ccd82658a30c37b7fb343af,22,0.0,4.47,1.4,Volume faible — Performant
e96498ed8daaa3e9c23f7a62da76591c,34,0.15,3.94,1.88,Volume faible — Non performant
e9729944ba65dc3ce425e0c5a22ae7b2,4,0.25,3.75,1.75,Volume faible — Non performant
e9779976487b77c6d4ac45f75ec7afe9,645,0.06,4.2,2.17,Volume élevé — Performant
e9874ae10b2d60d43917b6bbfa13a599,1,0.0,5.0,1.0,Volume faible — Performant
e99e927c81e3f51739c94fcdfca9f10f,21,0.04,3.62,2.21,Volume faible — Performant
e9b6c33b71b67737693b4cfa68341c8d,1,0.0,4.0,8.0,Volume faible — Performant
e9bc59e7b60fc3063eb2290deda4cced,209,0.1,4.03,5.09,Volume élevé — Performant
e9c2dc0dd4ac38448289be644ac94f42,3,0.0,5.0,0.0,Volume faible — Performant
e9c6969d40e6a3d2d0f90013165c2b98,10,0.0,4.4,1.6,Volume faible — Performant
e9d99831abad74458942f21e16f33f92,130,0.09,3.91,3.42,Volume élevé — Performant
e9e446d01bd10a97a8ffcfc4a3a20cb2,3,0.0,4.33,1.67,Volume faible — Performant
ea00f977a203ff88adf7057cb7806998,18,0.06,4.28,1.67,Volume faible — Performant
ea1776927851da2532aa70d6a32c095a,2,0.0,3.5,2.0,Volume faible — Performant
ea3ebea5317b0efbc663ecc8ce5e9bc2,3,0.0,4.0,0.67,Volume faible — Performant
ea4e9ce63a2134743b4a92777437fcdd,3,0.0,4.75,3.0,Volume faible — Performant
ea566164622c6b439516ab18062c42cd,50,0.19,3.75,3.42,Volume élevé — Non performant
ea65d8b58316a6f2362f2a9e4b3e86ad,9,0.0,3.19,1.69,Volume faible — Performant
ea67327e24487bdfac5fbfa37ea124df,32,0.03,3.56,1.18,Volume faible — Performant
ea6b12bf9ffe2bac34602ec631d97a47,9,0.0,4.33,10.56,Volume faible — Performant
ea846a0e7ad98a741783e886d89dfa44,2,0.0,5.0,2.33,Volume faible — Performant
ea8482cd71df3c1969d7b9473ff13abc,1132,0.08,3.98,2.91,Volume élevé — Performant
eaaa46e98c9e61f6764dd1d7a2ab8b3e,1,0.0,5.0,2.0,Volume faible — Performant
ead2bab70821ea148476ae9bc08548ac,9,0.0,4.56,0.78,Volume faible — Performant
eae9af4811c294c56795d70e715b7337,1,0.0,5.0,0.0,Volume faible — Performant
eaf6d55068dea77334e8477d3878d89e,3,0.0,5.0,2.33,Volume faible — Performant
eb1bf309f4f6af9a97e9ddac3fdbeabe,1,0.0,5.0,6.0,Volume faible — Performant
eb3071b9f0b0ddaa2df5ea130f09f26b,9,0.09,4.64,2.09,Volume faible — Performant
eb4a59a06b3948e851a7d7a830bcbc42,1,0.0,5.0,5.0,Volume faible — Performant
eb4df17aed01d918c65f0f8d650900c0,11,0.27,3.91,5.55,Volume faible — Non performant
eb5b6204dde3a6e03b5f1bb8479f055b,19,0.05,3.86,2.24,Volume faible — Performant
eb72802c83dc7547529c9546d1a9b8ef,8,0.0,4.62,0.5,Volume faible — Performant
eb9267cccc90f1b49c8d2f9887c7dd97,1,0.0,5.0,0.0,Volume faible — Performant
eb9cd5b35d95206585e2185318cb5c61,2,0.0,2.33,5.33,Volume faible — Performant
eba88037e1dca898cd02881f67ced679,6,0.17,4.33,1.17,Volume faible — Non performant
ebd1417732defaf66c50b5a800eb293e,1,0.0,5.0,0.0,Volume faible — Performant
ebd2d60905fb58271facef5596b620d3,82,0.04,4.24,1.14,Volume élevé — Performant
ebe3dabc4955c9b0d695e7bda38bf5c3,1,1.0,3.0,8.0,Volume faible — Non performant
ebef8d8c92b4fd3226e5d407bbff21ac,3,0.33,2.67,0.67,Volume faible — Non performant
ec21206b7894c503788a684a7bc822a6,1,0.0,3.0,1.0,Volume faible — Performant
ec2e006556300a79a5a91e4876ab3a56,2,0.5,1.5,11.5,Volume faible — Non performant
ec4608a1f76453166bb312b2968aeaf4,17,0.14,3.03,8.55,Volume faible — Non performant
ec5c1d94df153d473b37f880977ae58e,2,0.0,1.67,0.33,Volume faible — Performant
ec80e49e69745ab6c14f984bf2149423,12,0.08,4.0,1.67,Volume faible — Performant
ec8463980a4e0ea9f8517aea1ed0c419,2,0.75,5.0,7.5,Volume faible — Non performant
ec8879960bd2221d5c32f8e12f7da711,35,0.17,4.29,1.94,Volume faible — Non performant
ec933281fb017b5020d06df29c3f77e8,8,0.0,5.0,1.75,Volume faible — Performant
ecccfa2bb93b34a3bf033cc5d1dcdc69,12,0.25,2.5,25.88,Volume faible — Non performant
ececbfcff9804a2d6b40f589df8eef2b,97,0.09,4.12,1.19,Volume élevé — Performant
ed4311e67debd72b8610a5347a743087,25,0.04,4.48,1.62,Volume faible — Performant
ed46f1eb4a638113deb2a1137b5f22e9,4,0.0,4.0,1.75,Volume faible — Performant
ed49da7cadefc454d6a67de249eab240,1,0.0,5.0,4.0,Volume faible — Performant
ed4acab38528488b65a9a9c603ff024a,32,0.0,3.72,2.75,Volume faible — Performant
ed859002ad59dbf8cf3602696a6c3000,6,0.0,4.55,16.73,Volume faible — Performant
ed8cb7b190ceb6067227478e48cf8dde,15,0.06,3.18,1.59,Volume faible — Performant
ed9eef5be0992d413d251fadba1a410d,3,0.0,4.56,1.78,Volume faible — Performant
edb1ef5e36e0c8cd84eb3c9b003e486d,165,0.07,4.45,1.24,Volume élevé — Performant
edb58a1390adf273840030a3d6253829,1,0.0,5.0,2.0,Volume faible — Performant
edb65fe661681b1c0de8bd47c8655855,1,0.0,3.0,6.0,Volume faible — Performant
edc518ba25576a0188a0e8f2c3af186f,6,0.0,3.5,2.12,Volume faible — Performant
edd066cd02126d7800f9b66e980e9931,6,0.17,5.0,1.67,Volume faible — Non performant
eddd1991bd6d9309995a480c39b95137,2,0.0,3.5,2.5,Volume faible — Performant
ede0c03645598cdfc63ca8237acbe73d,43,0.32,3.67,3.26,Volume faible — Non performant
ede2977fbaf3738583170735ca403f6c,1,0.0,5.0,3.0,Volume faible — Performant
edf3fabebcc20f7463cc9c53da932ea8,1,1.0,4.0,1.0,Volume faible — Non performant
edf96ef93ed595084bbcbd9224bd2894,25,0.07,3.79,2.43,Volume faible — Performant
ee27a8f15b1dded4d213a468ba4eb391,1,0.0,5.0,1.0,Volume faible — Performant
ee2fbacc2fc3794e656cc4d933d59ce7,2,0.0,4.33,-0.67,Volume faible — Performant
eeb6de78f79159600292e314a77cbd18,82,0.04,4.42,1.0,Volume élevé — Performant
eebb3372362aa9a46975164bed19a7e7,4,0.5,3.25,7.5,Volume faible — Non performant
eec3469d83e142f9a104886655338c37,4,0.0,4.5,4.5,Volume faible — Performant
eed78ac17f7f795a19a709745f00cd4e,22,0.0,3.41,2.88,Volume faible — Performant
ef0ace09169ac090589d85746e3e036f,128,0.07,4.37,2.76,Volume élevé — Performant
ef2fbc2b607d8492bcffe657a4645434,19,0.1,4.05,0.67,Volume faible — Performant
ef30892870c278497523264be1be2241,9,0.0,4.56,1.44,Volume faible — Performant
ef506c96320abeedfb894c34db06f478,316,0.08,3.93,2.97,Volume élevé — Performant
ef728fa1f17436c91ed1ccd03dcf9631,3,0.0,4.0,0.5,Volume faible — Performant
ef990a83bbea832f36ebe81376335aa8,43,0.2,3.66,1.7,Volume faible — Non performant
ef9952469137ff190bacafe117f51537,5,0.0,4.8,2.8,Volume faible — Performant
efb628aa07c8ca93d7db0d85b91a4f5a,1,1.0,4.0,6.0,Volume faible — Non performant
efcd8d2104f1a05d028af7bad20d974b,46,0.02,4.2,1.52,Volume faible — Performant
efff9341f3f8f5237b44ff67ed36a7bf,5,0.0,4.4,1.0,Volume faible — Performant
f00e21b1e91a79653163b7fd8f293ff1,31,0.03,4.1,1.23,Volume faible — Performant
f00f5b35d0abcacbdd863672f4bb2c1a,1,0.0,4.0,5.0,Volume faible — Performant
f021c962aaba8ef6eb527a9c2c8394d1,5,0.0,4.2,1.0,Volume faible — Performant
f049a72cf58fd31b11f8919cade515e7,3,0.0,3.5,0.5,Volume faible — Performant
f0837c8d71434931d9e38e7b79234797,22,0.04,4.61,1.61,Volume faible — Performant
f08a5b9dd6767129688d001acafc21e5,11,0.0,3.44,8.56,Volume faible — Performant
f08c008c8a8d31417763738a1788a2a8,20,0.14,3.3,2.24,Volume faible — Non performant
f09b760d23495ac9a7e00d29b769007c,1,0.0,4.0,17.0,Volume faible — Performant
f0b47fbbc6dee9aafe415a6e33051b3f,67,0.09,4.26,2.84,Volume élevé — Performant
f0e103c63864d5405b958d984b6e94c9,11,0.0,4.73,1.09,Volume faible — Performant
f0ec78809fe0bc3edb11c9fe5b97b059,2,0.0,4.0,5.5,Volume faible — Performant
f114dca2828bf718548db175ebe2cfcd,1,0.0,1.0,2.0,Volume faible — Performant
f1198c871e0171278b63f40d112caeec,2,0.0,4.5,6.5,Volume faible — Performant
f125f3a310c2e5f822d116147de1e474,16,0.09,4.36,1.36,Volume faible — Performant
f12d3c2a14729ae461b920c11fe20fdc,9,0.0,4.27,1.09,Volume faible — Performant
f12ff17ad8bbf01ec5c33b17e506649b,28,0.11,3.86,2.18,Volume faible — Non performant
f18112da765e0971ca5d510dec322bdd,2,0.0,4.0,0.5,Volume faible — Performant
f181738b150df1f37cb0bd72e705b193,36,0.08,4.49,1.11,Volume faible — Performant
f19516b9ff26bfeb091b30108db4ddbd,3,0.0,3.67,3.67,Volume faible — Performant
f1b854361f4e15d5851b494df66f22b2,3,0.0,2.75,0.5,Volume faible — Performant
f1b93673502375d491780bb49d615dbc,8,0.1,2.7,8.2,Volume faible — Performant
f1c1ac3f3efc07e659c035008e615e66,3,0.0,2.78,3.67,Volume faible — Performant
f1ce5fdecd64935c28b9ff932751d0dc,2,0.0,4.5,4.0,Volume faible — Performant
f1ed6bd0a9b11b581f16c851c6a5a527,17,0.06,4.5,10.78,Volume faible — Performant
f1fd5ab1181f827ffad998c1a5de7d74,15,0.0,4.67,1.53,Volume faible — Performant
f1fdf2d13186575751aa25876536d85c,1,0.0,5.0,3.0,Volume faible — Performant
f205b1a3ca9a34e0f8a228bae6e4c7b3,8,0.0,4.88,0.25,Volume faible — Performant
f214d28e8d8e3ef068748498ccc2f813,52,0.07,4.12,2.25,Volume élevé — Performant
f22a247b79dd22ecd91dc8e3b2a1b07c,8,0.25,4.0,0.12,Volume faible — Non performant
f2336e113377dd21c744d9c4fc8293a9,4,0.0,4.25,6.25,Volume faible — Performant
f235413f677777a0738ff215d0184901,2,0.0,5.0,0.5,Volume faible — Performant
f25e239052084705e17a982bc600ab2a,8,0.0,4.25,3.12,Volume faible — Performant
f262cbc1c910c83959f849465454ddd3,189,0.07,4.12,1.33,Volume élevé — Performant
f266295f49a28eee21f413e0cbb0521d,2,0.0,4.5,5.5,Volume faible — Performant
f26d70155c2b6326fcfa1780c8c684e4,1,0.0,5.0,0.0,Volume faible — Performant
f27e33c6d29b5138fa9967bcd445b6d5,93,0.08,4.09,4.08,Volume élevé — Performant
f3041c2e75ec683697a6a5ea82192210,1,0.0,5.0,2.0,Volume faible — Performant
f307937c1bb287c3efc2a514b94b0d1d,1,0.0,5.0,2.0,Volume faible — Performant
f326006815956455b2859abd58fe7e39,9,0.0,4.7,2.67,Volume faible — Performant
f3295428338a40977a03f555246a70f4,7,0.14,3.57,2.57,Volume faible — Non performant
f3511c85f59f8dec53d140501ee8e7a8,1,0.0,5.0,1.0,Volume faible — Performant
f356c348fbc8df6a882823e21f5ce8b7,2,0.0,2.5,2.0,Volume faible — Performant
f35b3c613c4f7b2275f4185d0a3c59ec,9,0.11,4.56,2.78,Volume faible — Non performant
f35becee938e982bd615edf8ef12bcfb,6,0.0,4.0,0.67,Volume faible — Performant
f3862c2188522d89860c38a3ea8b550d,1,0.0,5.0,0.0,Volume faible — Performant
f3975e8a41157005d4bcbb358678cd9b,2,0.0,5.0,1.5,Volume faible — Performant
f3b80352b986ab4d1057a4b724be19d0,86,0.0,4.16,2.15,Volume élevé — Performant
f3c38ab652836d21de61fb8314b69182,15,0.0,4.27,1.87,Volume faible — Performant
f3da5b2ff499efb8d4a6d371d175d7dd,77,0.11,3.9,2.05,Volume élevé — Non performant
f410c8873029fcc3809b9df6d0b28914,2,0.0,5.0,0.5,Volume faible — Performant
f419677537694f0462a91990df6ca44f,6,0.17,4.0,7.17,Volume faible — Non performant
f41ce2e25237f9092cd8e6e7516c7a2f,26,0.0,4.44,2.74,Volume faible — Performant
f435898e493ba0356019a0b1cb8b55b1,10,0.0,4.33,0.75,Volume faible — Performant
f43827dd686be3a4a80e00aa299990fb,1,0.0,2.0,11.0,Volume faible — Performant
f44b6f775a2b390380e0e30b5c9d3eee,10,0.0,4.9,2.0,Volume faible — Performant
f44bdc12aa39f5271f0b95f66cd4c289,5,0.14,2.86,2.57,Volume faible — Non performant
f45122a9ab94eb4f3f8953578bc0c560,184,0.07,3.92,1.08,Volume élevé — Performant
f457c46070d02cadd8a68551231220dd,195,0.06,3.8,2.11,Volume élevé — Performant
f46490624488d3ff7ce78613913a7711,80,0.1,3.57,2.85,Volume élevé — Performant
f4a04f7be452aa3bb31760bf00055dd0,18,0.0,4.67,2.83,Volume faible — Performant
f4aba7c0bca51484c30ab7bdc34bcdd1,108,0.06,3.9,3.97,Volume élevé — Performant
f4c4daa86e30c7e5a553a8d518ac03a5,18,0.06,4.0,8.28,Volume faible — Performant
f4ce8ca9fa7157e3b33f536ac9a4487d,4,0.0,4.75,1.25,Volume faible — Performant
f4db9b37944bcb8873e6b456ee190bbf,21,0.09,4.55,1.82,Volume faible — Performant
f524ad65d7e0f1daab730ef2d2e86196,1,1.0,1.0,6.0,Volume faible — Non performant
f52c2422904463fdd7741f99045fecb6,12,0.0,4.31,1.0,Volume faible — Performant
f593898ec748b7a8cb81fc04edafd98a,19,0.18,3.45,5.23,Volume faible — Non performant
f5a590cf36251cf1162ea35bef76fe84,113,0.07,4.28,2.68,Volume élevé — Performant
f5b44895715ddfe3087dc414f30268f3,19,0.0,4.0,2.58,Volume faible — Performant
f5b84683a9bf9e1df748cf40f601b39c,1,0.0,5.0,5.0,Volume faible — Performant
f5f1f2c5f923f36ad79ea1d07185ddc9,10,0.09,3.45,3.73,Volume faible — Performant
f5f2ab9bdb6b30c14c61be68c5ed37da,18,0.06,4.28,2.0,Volume faible — Performant
f5f46307a4d15880ca14fab4ad9dfc9b,9,0.1,4.0,3.6,Volume faible — Performant
f5fea3ffed6c2e889bab72705557c63a,1,1.0,5.0,21.0,Volume faible — Non performant
f6122bc84774df1b372bdb3bb88ddb9f,3,0.33,3.67,3.0,Volume faible — Non performant
f615fe7efbef0f4f08fd3086bc7a3e60,22,0.09,4.52,0.87,Volume faible — Performant
f61c63d13f7cd800549d5acdd390ae72,26,0.08,4.0,3.04,Volume faible — Performant
f626e15b7314c267e4429010866f70e9,5,0.0,4.14,1.71,Volume faible — Performant
f62d7bb4a613ec758a03342d46b580b2,32,0.09,4.38,4.66,Volume faible — Performant
f63d8f293af3a6454377546bd9dd19ff,17,0.14,3.82,6.5,Volume faible — Non performant
f650a9708fa1bab22bdd8d3a818cc415,4,0.0,4.0,4.25,Volume faible — Performant
f664f98bfda2eaf266a23ff144e7a872,2,0.0,3.0,1.5,Volume faible — Performant
f67efa3f0b6761102a7f8c6b7b571f5d,31,0.0,4.44,2.03,Volume faible — Performant
f680f85bee2d253556ac91be391d2c82,45,0.02,4.3,1.43,Volume faible — Performant
f682e0f848abafc6f41e0d4e868c66ef,2,0.5,3.5,4.0,Volume faible — Non performant
f7315bb81aea4ddca2d39e249a801c98,2,0.0,4.5,0.0,Volume faible — Performant
f7496d659ca9fdaf323c0aae84176632,25,0.04,4.58,6.88,Volume faible — Performant
f76a3b1349b6df1ee875d1f3fa4340f0,24,0.29,3.46,8.17,Volume faible — Non performant
f7720c4fa8e3aba4546301ab80ea1f1b,59,0.04,4.23,1.9,Volume élevé — Performant
f783a638e9c6af4a7d0dbfde811e7a81,5,0.2,4.0,1.2,Volume faible — Non performant
f789d2c4f2c2eb38fc4373e7a4b35264,44,0.04,4.18,1.57,Volume faible — Performant
f7ba60f8c3f99e7ee4042fdef03b70c4,218,0.13,4.22,2.15,Volume élevé — Non performant
f7c31656c19db6275a8acadca289f426,1,0.0,3.0,1.0,Volume faible — Performant
f7ccf836d21b2fb1de37564105216cc1,69,0.07,3.86,1.3,Volume élevé — Performant
f805b96fa705ba7995a221f1749dc141,7,0.0,4.43,0.86,Volume faible — Performant
f80edd2c5aaa505cc4b0a3b219abf4b8,116,0.06,4.14,2.93,Volume élevé — Performant
f8201cab383e484733266d1906e2fdfa,10,0.1,4.1,2.1,Volume faible — Performant
f84a00e60c73a49e7e851c9bdca3a5bb,88,0.09,3.72,1.89,Volume élevé — Performant
f84fa566034f5e8e880a07ec624c56af,89,0.09,4.3,3.35,Volume élevé — Performant
f88adb15807168d3c43d71021090ce4a,3,0.0,3.33,0.67,Volume faible — Performant
f8d5c7085db9a4ad2b8c1ffbeb2798c8,6,0.0,5.0,2.83,Volume faible — Performant
f8db351d8c4c4c22c6835c19a46f01b0,659,0.05,4.25,1.26,Volume élevé — Performant
f8e2c1b59cd4225a3e4fd0d013a76b93,2,0.0,5.0,4.0,Volume faible — Performant
f8f35af4634605e6693c17cc3ffff5a8,1,0.0,5.0,2.0,Volume faible — Performant
f90f77ef2799a27f80d90c425ca944f7,1,0.0,5.0,0.0,Volume faible — Performant
f918546be4bec7104d117789ba758b2b,20,0.13,3.83,1.61,Volume faible — Non performant
f9244d45189d3a3605499abddeade7d5,20,0.0,4.35,5.65,Volume faible — Performant
f92d8c817434bd2d84d4e9c61322b7fa,5,0.0,4.6,4.8,Volume faible — Performant
f97e2b0650c2068227e1d366140eb62f,16,0.05,3.65,6.0,Volume faible — Performant
f9903dd0f812c7e771fcad47b6fff231,10,0.0,2.93,5.4,Volume faible — Performant
f9bbdd976532d50b7816d285a22bd01e,2,0.0,5.0,6.0,Volume faible — Performant
f9d010e39375d9c91dce3f40b73a2f84,4,0.4,3.0,2.6,Volume faible — Non performant
f9ec7093df3a7b346b7bcf7864069ca3,9,0.0,4.78,0.78,Volume faible — Performant
f9eedec3129e8cc6b6429c42d0808c5b,2,0.0,4.5,0.0,Volume faible — Performant
f9f68daa2af419d38f745478bcb3da1a,1,0.0,5.0,4.0,Volume faible — Performant
fa14641f57b655e933124a9ea49cd7a5,7,0.0,4.57,2.29,Volume faible — Performant
fa1a9dec3a9940c072684a46728bf1fc,55,0.0,3.98,4.7,Volume élevé — Performant
fa1c13f2614d7b5c4749cbc52fecda94,578,0.09,4.37,2.21,Volume élevé — Performant
fa3a0b5aabb344b9a92e3524b0202123,7,0.14,4.14,3.43,Volume faible — Non performant
fa40cc5b934574b62717c68f3d678b6d,304,0.05,4.45,2.38,Volume élevé — Performant
fa5fdc4e4bb6bd1009ad0e4ac4096562,1,0.0,5.0,4.0,Volume faible — Performant
fa74b2f3287d296e9fbd2cc80f2d1cf1,5,0.4,3.2,18.0,Volume faible — Non performant
fa8d335d68129e464e60c1826a683e96,1,0.0,4.0,3.0,Volume faible — Performant
fac1a9017ade7bdc94058fc1c969f355,9,0.0,4.7,1.0,Volume faible — Performant
fac35d150712afb921ec59ac5f39bb11,5,0.0,4.17,4.17,Volume faible — Performant
fad44952713764836814be105382aee5,32,0.0,4.28,1.91,Volume faible — Performant
fadb07c842a2aef5d5a676b85f220e71,7,0.0,4.71,0.14,Volume faible — Performant
fb3cfbc8a86f5d7fbb4d36b8df63f60d,10,0.0,3.13,1.2,Volume faible — Performant
fb503a924a0b9db19d83dd0ac6dbef8c,1,0.0,5.0,2.0,Volume faible — Performant
fb8904a8ea99f8831b64ce27db2c1765,2,0.0,4.5,1.5,Volume faible — Performant
fb89df7f89fd1b8f03fa2acca1ba7364,22,0.08,3.84,4.08,Volume faible — Performant
fbc14c0cf93505ef89f64665ffa4a7b5,18,0.06,4.18,2.56,Volume faible — Performant
fc0b214b59a83615fea981c6424a02ae,1,0.0,5.0,3.0,Volume faible — Performant
fc38b5dceee1a730fad8853453437fbd,5,0.0,4.6,3.4,Volume faible — Performant
fc4751cfe3b279c419615b9b00c1abb4,1,0.0,5.0,3.0,Volume faible — Performant
fc59392d66ef99377e50356ee4f3b4e1,5,0.0,3.6,0.4,Volume faible — Performant
fc5a0d7a310a7a41abf86a458585ff2b,1,0.0,4.0,11.0,Volume faible — Performant
fc6295add6f51a0936407ead70c1001d,1,0.0,1.0,0.0,Volume faible — Performant
fc906263ca5083d09dce42fe02247800,112,0.0,4.38,1.62,Volume élevé — Performant
fc908879b9ca1bd65419e54e50432d38,4,0.0,5.0,3.25,Volume faible — Performant
fcb5ace8bcc92f75707dc0f01a27d269,59,0.03,3.9,4.19,Volume élevé — Performant
fcba71d4d5db057f43249145e4eb1e27,3,0.0,4.67,1.33,Volume faible — Performant
fcdd820084f17e9982427971e4e9d47f,16,0.07,3.26,2.04,Volume faible — Performant
fce62094ffe6a4009188ec44e681dfdd,4,0.45,3.18,2.82,Volume faible — Non performant
fcf16b7a8697e559f0123190bb30177d,3,0.57,3.14,0.86,Volume faible — Non performant
fd312b6bf05efac6c3772d5b52205d8a,2,0.0,5.0,1.5,Volume faible — Performant
fd386aa7bed2af3c7035c65506c9b4a3,69,0.11,4.36,1.08,Volume élevé — Non performant
fd435faa3c0422b60440ea3480d0e77c,1,0.0,5.0,1.0,Volume faible — Performant
fdaaf5bfda82b7b80535610c831b8d09,10,0.2,3.93,0.33,Volume faible — Non performant
fdb9095204a334cd8872252ffec6f2db,46,0.05,4.13,1.02,Volume faible — Performant
fde0cc9ea29c8ccfc0a2c22256a58c71,35,0.03,4.49,1.49,Volume faible — Performant
fdf736c18c589ed030e058312203e1b2,1,0.0,5.0,1.0,Volume faible — Performant
fe19dce63ae80346207c6c55713d1023,1,0.0,5.0,0.0,Volume faible — Performant
fe1b067411b8c5066e962aa146ccee03,8,0.0,4.62,2.12,Volume faible — Performant
fe1bbc5feda5c8979a8a1b3b2512d5a6,9,0.1,3.8,1.8,Volume faible — Performant
fe2032dab1a61af8794248c8196565c9,293,0.09,4.4,1.47,Volume élevé — Performant
fe26f3ecb51a15e6d8335cd92da42562,7,0.14,4.43,3.0,Volume faible — Non performant
fe49ee029e61e789a1f3a5525f57ba8d,16,0.06,4.25,2.44,Volume faible — Performant
fe4cd9461203cee790d36792420b310f,3,0.0,4.0,1.0,Volume faible — Performant
fe701d88b67eaca109dffd464d1be9f9,10,0.1,4.3,0.9,Volume faible — Performant
fe8055980a4ff7f64ed889c2b5926929,3,0.0,4.67,0.67,Volume faible — Performant
fe87f472055fbcf1d7e691c00b1560dc,6,0.17,4.5,2.83,Volume faible — Non performant
fe9d9cf8631285d5982c6e2cf27fb114,1,0.0,4.0,0.0,Volume faible — Performant
feb793c88d836c3a75efa4b5a3465d70,1,0.0,5.0,4.0,Volume faible — Performant
febab0275244b9a49a623f0bd613ca2f,106,0.03,4.32,1.43,Volume élevé — Performant
fec6275253471ace26d209bbaa64cd0f,9,0.0,4.6,2.4,Volume faible — Performant
fec8cd45395b3cb0c2b173d7739706a1,4,0.0,3.75,1.75,Volume faible — Performant
fedaedd3ca31d56ab33e92035e4b361c,1,0.0,4.0,5.0,Volume faible — Performant
fedf2c1386e137f296b3bbf3b635e69d,2,0.0,3.2,6.2,Volume faible — Performant
ff063b022a9a0aab91bad2c9088760b7,94,0.03,4.28,1.36,Volume élevé — Performant
ff1e15b778c700abdd4d239b81ac466d,7,0.0,4.57,1.86,Volume faible — Performant
ff1fb4c404b2efe68b03350a8dc24122,46,0.12,4.06,2.35,Volume faible — Non performant
ff314fa6033cc68ec451c47aee2d6ba4,2,0.0,5.0,6.0,Volume faible — Performant
ff4e2d38692ce827b1a4f4b8196e680d,11,0.0,4.27,2.82,Volume faible — Performant
ff4ea69c2a729e83e63c7579e4ef8170,8,0.0,5.0,1.25,Volume faible — Performant
ff69aa92bb6b1bf9b8b7a51c2ed9cf8b,20,0.2,3.65,1.25,Volume faible — Non performant
ff82e8873fba613f2261a9acc896fd84,4,0.0,3.5,0.75,Volume faible — Performant
ffa6adafb71b807dc13159e26431354c,17,0.0,3.94,1.35,Volume faible — Performant
ffad1e7127fb622cb64a900751590acd,10,0.0,4.87,1.93,Volume faible — Performant
ffc470761de7d0232558ba5e786e57b7,27,0.07,4.3,1.17,Volume faible — Performant
ffdd9f82b9a447f6f8d4b91554cc7dd3,18,0.0,4.25,3.8,Volume faible — Performant
ffeee66ac5d5a62fe688b9d26f83f534,14,0.14,4.21,6.43,Volume faible — Non performant
fffd5413c0700ac820c7069d66d98c89,57,0.12,3.91,1.93,Volume élevé — Non performant
ffff564a4f9085cd26170f4732393726,8,0.0,3.25,6.88,Volume faible — Performant
